GEOID,tract_median_hh_income,tract_median_gross_rent,tract_pct_renter,tract_pop_density_sqmi,tract_population
06087100100,155729.0,3266.0,0.142668428005284,1887.1206021693947,2389.0
06087100200,125481.0,2390.0,0.45765765765765765,7830.757839428713,7262.0
06087100300,144146.0,3065.0,0.29955947136563876,1800.1550324526,4035.0
06087100400,52222.0,1586.0,0.9073033707865169,6034.920404056012,9802.0
06087100500,117253.0,2810.0,0.4021043000914913,2442.7721553906135,5396.0
06087100600,126065.0,2810.0,0.41982272360999195,7378.595344057713,2991.0
06087100700,48365.0,1606.0,0.5955678670360111,5530.84253104824,1883.0
06087100801,92847.0,2306.0,0.7938682322243966,9120.795814643081,3988.0
06087100802,158936.0,2475.0,0.6273006134969326,10171.156563895263,2965.0
06087100900,121250.0,2577.0,0.5875621890547263,4896.986500643488,3736.0
06087101001,93295.0,2594.0,0.6192223037417461,10086.825663650292,3777.0
06087101002,75233.0,1903.0,0.8072230356271352,9306.015300810786,4366.0
06087101100,125880.0,3110.0,0.32986425339366515,7129.464289068111,5274.0
06087101200,105375.0,3227.0,0.45215311004784686,1849.8700198098009,3078.0
06087110101,109493.0,3078.0,0.3602693602693603,4963.464628065087,2602.0
06087110102,75521.0,1815.0,0.532437171244886,10287.915661516177,4333.0
06087110201,84931.0,2406.0,0.5621301775147929,13492.176510254692,3176.0
06087110202,61496.0,1791.0,0.5175494575622208,4371.30189064583,3969.0
06087110301,47391.0,1448.0,0.8662092624356775,14287.934450696712,4096.0
06087110302,53438.0,1837.0,0.7189973614775725,18787.630193476194,3209.0
06087110401,71078.0,1776.0,0.8831460674157303,2224.903469620817,3385.0
06087110402,93768.0,2631.0,0.44871794871794873,6421.218239373033,5066.0
06087110503,75800.0,2207.0,0.5648351648351648,8613.073189512235,3189.0
06087110504,94263.0,2033.0,0.38189533239038187,14734.747931392385,2927.0
06087110505,92250.0,2084.0,0.5939572586588062,12458.075081664121,5016.0
06087110506,100388.0,1998.0,0.3830034924330617,10594.25252775627,3265.0
06087110601,66136.0,1566.0,0.5546772068511199,7023.018693483716,4692.0
06087110602,72117.0,1303.0,0.3363821138211382,11955.18904622769,3237.0
06087110700,92619.0,1705.0,0.39518072289156625,1734.5158872696559,2895.0
06087120200,133750.0,1990.0,0.3198581560283688,37.64777876567539,4237.0
06087120301,104205.0,2012.0,0.3056918547595682,257.1007849110208,4619.0
06087120302,119464.0,2555.0,0.34023464458247066,1343.8972725939518,3616.0
06087120400,98304.0,1827.0,0.24786810687890848,405.96604504906753,4213.0
06087120500,153854.0,3501.0,0.2793733681462141,101.89156988567186,5746.0
06087120600,142167.0,2398.0,0.12172489082969433,349.87426087639034,4659.0
06087120700,127650.0,2028.0,0.2611428571428571,499.42652098926953,4040.0
06087120800,160592.0,2313.0,0.1305827307528711,1773.720796510461,6013.0
06087120901,131806.0,1960.0,0.08080808080808081,503.9712629740844,3575.0
06087120902,119500.0,2482.0,0.46890672016048146,1887.2236887736606,4718.0
06087121000,149953.0,3250.0,0.17587939698492464,104.01147674978353,2985.0
06087121100,114617.0,927.0,0.15777610818933133,397.40498470624436,2938.0
06087121200,174408.0,2263.0,0.25112843660238,549.3489751645899,6913.0
06087121300,143068.0,2557.0,0.39080459770114945,2648.8679234143992,4008.0
06087121401,96829.0,2400.0,0.4140386571719227,6533.441600562918,2963.0
06087121402,98388.0,2165.0,0.5552927261975162,7964.547566392624,4119.0
06087121403,87917.0,2718.0,0.403214535290007,7367.581533581797,3382.0
06087121501,108158.0,2375.0,0.6081081081081081,5662.162183772696,2705.0
06087121502,87737.0,2339.0,0.5681341719077568,11147.36704783681,2368.0
06087121601,124489.0,2846.0,0.5198776758409785,7658.180103506467,3464.0
06087121602,98650.0,1607.0,0.17493692178301093,7418.639393049442,2529.0
06087121701,113649.0,2554.0,0.47449521785334753,9410.423815515682,4409.0
06087121702,121231.0,3054.0,0.26671459381739754,6192.559733765193,3406.0
06087121801,99769.0,2306.0,0.6268292682926829,5050.530081809456,1536.0
06087121802,95525.0,2481.0,0.495603517186251,5957.182844845207,2273.0
06087122001,132829.0,1761.0,0.2701325178389399,447.20726240779373,5419.0
06087122002,156569.0,1848.0,0.12946783161239078,170.29487618008247,3398.0
06087122004,140169.0,,0.36768558951965064,2144.784165896692,2747.0
06087122005,118274.0,2497.0,0.33548387096774196,5081.92858346065,4373.0
06087122100,130385.0,2462.0,0.47345132743362833,3778.3845342759428,3299.0
06087122202,178606.0,3379.0,0.083986562150056,2154.338654052507,2186.0
06087122203,132838.0,3280.0,0.3487654320987654,4110.66692077093,3912.0
06087122204,129886.0,2156.0,0.31004784688995213,1320.3523703400538,3043.0
06087122205,182050.0,3501.0,0.23465423465423466,3001.8422164580525,3103.0
06087122300,103929.0,1587.0,0.33974358974358976,235.40509409810113,3804.0
06087122401,132578.0,1474.0,0.31487513572204123,89.91345609471081,2430.0
06087122402,158343.0,2167.0,0.18483174284279258,305.6154636172467,4275.0
06087122500,115175.0,2179.0,0.34968944099378885,1508.6879543592743,7088.0
06087123100,108833.0,1660.0,0.19339622641509435,951.9295297444291,2818.0
06087123300,140250.0,1976.0,0.407098121085595,56.625309410901686,1598.0
06087990100,,,,,0.0
06053000101,110313.0,2125.0,0.22058823529411764,634.916518707088,2429.0
06053000103,95325.0,2108.0,0.7771303714493809,10719.010244652194,4245.0
06053000104,120391.0,1992.0,0.13641133263378805,4336.746498901785,3413.0
06053000105,150221.0,3501.0,0.12575574365175332,8563.39696039172,3069.0
06053000106,99063.0,2280.0,0.4423465947403911,13370.055080889708,5914.0
06053000200,105000.0,2093.0,0.34960159362549803,10931.187404650891,6932.0
06053000300,93606.0,2099.0,0.39914163090128757,9859.68325446135,4672.0
06053000400,64165.0,2102.0,0.7633035334184759,8466.43211126721,8202.0
06053000501,69028.0,1862.0,0.9604672057502246,28743.509550571896,5679.0
06053000502,75662.0,1752.0,0.518955349620893,4481.436484897573,4828.0
06053000600,58582.0,1701.0,0.6009783368273934,16805.072105491476,7000.0
06053000701,65223.0,1735.0,0.76522506619594,22241.21025641189,5396.0
06053000702,81607.0,2005.0,0.8589181286549707,35406.87873751197,6638.0
06053000800,71737.0,1792.0,0.4981467753891772,14218.34094774017,5624.0
06053000900,74083.0,1788.0,0.5735930735930735,8562.512555382214,5478.0
06053001200,89180.0,1868.0,0.3447024673439768,6968.547691192582,3313.0
06053001300,50250.0,1559.0,0.9071100917431193,8662.148853035662,3092.0
06053001400,112768.0,1888.0,0.5489878542510122,6430.922218575981,3078.0
06053001500,98250.0,2176.0,0.6745833333333333,3477.5313198373146,6287.0
06053001600,131307.0,2083.0,0.24321389793702497,8226.576775403166,2747.0
06053001700,100705.0,1790.0,0.6604426002766252,11944.775885694213,4464.0
06053001801,102024.0,2181.0,0.36421725239616615,4404.856594673254,4759.0
06053001802,80432.0,2032.0,0.734208880550344,9429.528503089807,5455.0
06053010101,64896.0,1773.0,0.5705882352941176,401.81042488765087,4053.0
06053010102,172083.0,,0.09297725024727992,209.70074779683333,2509.0
06053010202,83531.0,1860.0,0.2856006364359586,252.37336166322262,3930.0
06053010305,102102.0,2093.0,0.22018927444794953,882.2012235567909,5344.0
06053010306,53900.0,1459.0,0.45475113122171945,59.227117087551676,1390.0
06053010400,89354.0,1948.0,0.5446485117162762,6578.689880069745,6720.0
06053010501,122890.0,2109.0,0.14933837429111532,293.6664303164597,7608.0
06053010504,94635.0,2147.0,0.6436482084690553,449.43210171571445,5206.0
06053010505,77543.0,2095.0,0.35294117647058826,17104.89487265816,5716.0
06053010506,75841.0,2296.0,0.7873799725651578,17177.255433126895,5816.0
06053010603,134401.0,1854.0,0.18463740458015268,9638.886128942017,7450.0
06053010604,120000.0,2689.0,0.23338368580060423,12469.597746532623,5778.0
06053010605,116333.0,1784.0,0.3527724665391969,10392.29999991681,4341.0
06053010606,102474.0,1551.0,0.3394181403308614,67.68229018767363,7487.0
06053010607,84238.0,2067.0,0.6572972972972972,24180.901430048732,4144.0
06053010608,123646.0,2081.0,0.6755905511811023,4648.8487988923025,3924.0
06053010702,179167.0,2580.0,0.16137931034482758,64.18099441152238,3520.0
06053010804,61527.0,1392.0,0.6253424657534247,109.3218713820707,5046.0
06053010900,,,0.0,4552.946482329574,6568.0
06053011001,140233.0,2387.0,0.23544145272385722,234.0586374084637,3628.0
06053011002,167159.0,1185.0,0.114,14.410847921553142,2501.0
06053011101,84583.0,1044.0,0.43434343434343436,3.8986529919896817,730.0
06053011103,88232.0,1920.0,0.5018552875695733,,4523.0
06053011104,89118.0,1610.0,0.43471810089020774,,5725.0
06053011105,105903.0,1530.0,0.44379014989293364,,7768.0
06053011106,127000.0,2026.0,0.14634146341463414,42.17665590283926,1876.0
06053011202,87794.0,1556.0,0.37100213219616207,,8293.0
06053011203,82873.0,1973.0,0.54712771890686,,8393.0
06053011204,85091.0,1327.0,0.5475352112676056,,4803.0
06053011302,52476.0,1354.0,0.758250191864927,,5283.0
06053011303,93791.0,1655.0,0.24225575853852263,,3954.0
06053011305,85417.0,2118.0,0.38693957115009747,,4553.0
06053011306,76294.0,1517.0,0.556998556998557,,3242.0
06053011400,101750.0,1250.0,0.30787037037037035,,4951.0
06053011502,79450.0,1233.0,0.583732057416268,6.926254951660104,1741.0
06053011604,101250.0,2500.0,0.2281722933643772,48.1516627087361,1777.0
06053011605,84777.0,1663.0,0.3997214484679666,627.527354907142,3012.0
06053011606,199643.0,2401.0,0.09118852459016394,198.3198135610105,2568.0
06053011700,183036.0,2473.0,0.19505494505494506,1773.7334193270701,3623.0
06053011801,,2551.0,0.45112781954887216,3442.0150978004563,1409.0
06053011802,137750.0,3023.0,0.34835566382460414,2690.1417975500904,1753.0
06053011901,142054.0,3501.0,0.07622298065984073,348.367683032582,2080.0
06053011902,144250.0,3501.0,0.19140625,722.0549465239258,1508.0
06053012000,103857.0,2202.0,0.43661971830985913,8401.500473588878,3417.0
06053012100,126328.0,3501.0,0.4033790918690602,5090.4743684376035,2250.0
06053012200,121667.0,2881.0,0.4777397260273973,8087.788583678142,2692.0
06053012302,115644.0,2622.0,0.5234082397003745,9695.388494630717,2109.0
06053012401,96429.0,2022.0,0.5933014354066986,5462.8139053689065,1654.0
06053012402,92896.0,2452.0,0.5505473277527366,2594.2945105024105,2829.0
06053012503,126000.0,2758.0,0.49079754601226994,9044.485405806963,2576.0
06053012504,77292.0,2268.0,0.8648,6579.855003098953,2361.0
06053012601,115625.0,3501.0,0.9344262295081968,4510.008020111846,2945.0
06053012700,91923.0,2224.0,0.7917948717948718,6428.487242248604,3956.0
06053012800,129179.0,2188.0,0.2687813021702838,3056.618881435392,5077.0
06053013000,86219.0,2338.0,0.811073336571151,3036.2959793175683,3735.0
06053013100,119821.0,3501.0,1.0,4367.609057341159,2151.0
06053013200,197882.0,3060.0,0.09844559585492228,192.88892696746026,3605.0
06053013300,97188.0,2237.0,0.7,2654.583908274323,5751.0
06053013400,131750.0,3320.0,0.21642969984202212,3428.3414941347137,1522.0
06053013500,98837.0,2108.0,0.44692737430167595,8066.583885654113,4475.0
06053013600,93459.0,2078.0,0.6908037653874004,11571.119226153594,4247.0
06053013700,68400.0,2070.0,0.7872191011235955,17422.130003147002,4788.0
06053013800,85195.0,2735.0,0.41866175567833025,10093.631044490705,4991.0
06053013900,83250.0,2057.0,0.4334470989761092,5652.366901091678,2258.0
06053014000,58125.0,2107.0,0.7348484848484849,2255.3861637470422,2298.0
06053014102,115606.0,1970.0,0.6964735516372796,1144.3187684140469,5192.0
06053014104,,,,2027.0678200991363,2508.0
06053014105,105573.0,1785.0,0.7253064167267483,1923.074619613054,3764.0
06053014108,79931.0,2787.0,0.8221281101111699,1360.6956363074623,5200.0
06053014109,113728.0,2869.0,0.6697641172265905,161.06865645883536,4698.0
06053014110,186972.0,2365.0,0.08793103448275862,340.98246198198774,6637.0
06053014201,100881.0,1995.0,0.5126396237507349,8129.4643511682825,4886.0
06053014202,79963.0,2041.0,0.5750819672131148,9741.041342476183,3883.0
06053014301,91493.0,2464.0,0.5953553835327234,823.852463339291,3311.0
06053014302,89420.0,1902.0,0.479344262295082,777.9647768715546,4200.0
06053014500,91198.0,1960.0,0.4484280198565913,882.2249936812317,4732.0
06053014601,97107.0,1973.0,0.3408710217755444,302.5932485696438,5074.0
06053014700,82247.0,1364.0,0.33416959357752135,594.1266058515657,7052.0
06053014800,98897.0,1506.0,0.3711409395973154,54.45095285417163,5831.0
06053980000,,,,0.0,0.0
06053990000,,,,,0.0
06085500100,163061.0,3166.0,0.6966856377636425,,8285.0
06085500200,115541.0,2669.0,0.7162891046386192,8383.419802426184,5439.0
06085500300,107431.0,2885.0,0.6965811965811965,3768.1902738206672,4195.0
06085500400,152973.0,2381.0,0.574468085106383,6898.940846235714,2678.0
06085500500,166514.0,2278.0,0.2571157495256167,6303.543672417848,5185.0
06085500600,140045.0,2794.0,0.7145382235969951,11112.932912431987,5748.0
06085500800,151357.0,2859.0,0.8182552504038773,7263.463234665509,4834.0
06085500901,72112.0,1987.0,0.8128861429832304,15443.480566614919,4298.0
06085500902,42955.0,1992.0,1.0,57423.1041615606,5377.0
06085501000,58775.0,1886.0,0.9090548054011119,15901.315746231003,4928.0
06085501101,105138.0,2657.0,0.7619300106044539,15491.39238099515,3929.0
06085501102,144609.0,2736.0,0.4668697638994669,9033.210023629797,4273.0
06085501200,108913.0,2068.0,0.6009549795361528,12971.050053750698,4163.0
06085501300,145260.0,2025.0,0.48860759493670886,13631.206186773605,3932.0
06085501401,80216.0,2054.0,0.7777777777777778,7526.697925711847,2902.0
06085501402,94491.0,2607.0,0.5212636695018226,13395.490522407335,2703.0
06085501501,81859.0,1839.0,0.5847201210287444,18288.23062653655,4403.0
06085501502,111089.0,2716.0,0.44534412955465585,12679.631216469134,4350.0
06085501601,120770.0,2420.0,0.6948915325402379,11786.571491730374,3558.0
06085501602,58466.0,1855.0,0.9214703425229741,17282.538076387915,2911.0
06085501700,94736.0,2395.0,0.7608550434201736,11307.487890008659,4871.0
06085501800,142235.0,2358.0,0.4598961338718984,8676.42808058169,4786.0
06085501901,147727.0,2748.0,0.7191697191697192,13544.154587392162,3126.0
06085501902,151140.0,2723.0,0.8034557235421166,8804.32813369979,3619.0
06085502001,94794.0,2300.0,0.5372750642673522,9624.382409428248,4956.0
06085502002,117969.0,2557.0,0.725609756097561,14345.305701805068,4985.0
06085502101,144038.0,3039.0,0.37729468599033816,7252.344950053355,5361.0
06085502103,91591.0,2152.0,0.75,10625.961115809938,4225.0
06085502104,102105.0,2909.0,0.6893787575150301,8265.615546082814,2459.0
06085502202,113958.0,2904.0,0.5160390516039052,7314.422120344918,3150.0
06085502203,125750.0,2546.0,0.658157602663707,15586.902556271518,3875.0
06085502204,68508.0,2293.0,1.0,26545.530342719954,3394.0
06085502301,177692.0,2372.0,0.3850877192982456,6375.657953208178,3021.0
06085502302,127175.0,2308.0,0.660377358490566,12527.460492453964,3261.0
06085502400,222311.0,2871.0,0.2906238326484871,6869.120752392077,7107.0
06085502500,225694.0,3207.0,0.19402985074626866,7000.290296089352,6748.0
06085502601,193125.0,3501.0,0.3536148890479599,6113.113960353709,3329.0
06085502603,206125.0,2315.0,0.204311152764761,5975.801946562446,2816.0
06085502604,110581.0,2688.0,0.7162097162097162,8312.284277980707,4112.0
06085502701,133658.0,2383.0,0.4992934526613283,8523.45678051999,5691.0
06085502703,145541.0,2887.0,0.42298578199052134,7953.602571495357,4296.0
06085502704,183214.0,2773.0,0.3485824742268041,6771.179615384615,4265.0
06085502800,185962.0,3142.0,0.2489539748953975,6247.310664352508,4236.0
06085502901,135846.0,2540.0,0.40542986425339367,8315.500512266965,6044.0
06085502902,207614.0,3501.0,0.14944834503510532,8917.809599639322,9050.0
06085502903,250001.0,3501.0,0.11082070047046524,7315.348049999203,5318.0
06085502906,126438.0,2863.0,0.4248642124321062,8420.868446575725,5021.0
06085502907,213056.0,3501.0,0.2070254110612855,7909.33374382666,3822.0
06085502908,166382.0,2153.0,0.2568232662192394,8171.69643513006,6561.0
06085502909,101607.0,2422.0,0.5288270377733598,9655.285168802555,4812.0
06085502910,110091.0,2305.0,0.5572413793103448,8260.178073772046,3785.0
06085503001,148750.0,3501.0,0.1686967113276492,6640.476276554185,4430.0
06085503002,139863.0,2319.0,0.3006134969325153,6953.432421003419,3635.0
06085503003,207000.0,3501.0,0.12080536912751678,6715.340594932498,5027.0
06085503105,61838.0,1625.0,0.6844319775596073,2965.683623592724,2012.0
06085503110,77353.0,1892.0,0.7041036717062635,12238.151777682846,3617.0
06085503111,133628.0,3221.0,0.39269813000890474,15502.674171680457,5418.0
06085503112,76156.0,2110.0,0.7034845496383958,9061.724820801124,3978.0
06085503113,95625.0,2048.0,0.6284403669724771,14323.550557264149,4028.0
06085503116,109509.0,3138.0,0.421455938697318,14511.872744503371,6396.0
06085503117,79205.0,2247.0,0.687218045112782,13425.722993198633,2602.0
06085503118,98527.0,2770.0,0.6165980795610425,22671.3123540136,4955.0
06085503121,92607.0,1768.0,0.6494051784464661,6122.512451924868,5073.0
06085503122,46371.0,986.0,0.7009724473257699,2376.978177412602,3345.0
06085503123,65525.0,2064.0,0.691131498470948,14553.683559490033,3872.0
06085503124,124229.0,1983.0,0.7029530978575564,10005.308316476776,6075.0
06085503125,160833.0,3482.0,0.5937921727395412,14237.123718530707,4082.0
06085503126,178929.0,3501.0,0.3995568685376662,6644.437800925341,3964.0
06085503127,191908.0,3470.0,0.20497165285651983,4690.210301221059,5300.0
06085503207,145278.0,3263.0,0.1734475374732334,6918.681416325581,3446.0
06085503208,163558.0,3501.0,0.25105782792665726,7449.3765923567735,3182.0
06085503210,120729.0,2039.0,0.31784582893347413,6600.21946049605,4067.0
06085503211,104677.0,3501.0,0.18305084745762712,11375.075850564455,4651.0
06085503212,128750.0,3501.0,0.2334975369458128,6548.740457077418,4226.0
06085503213,72174.0,2219.0,0.4797191887675507,11590.168759118244,4920.0
06085503217,81786.0,2726.0,0.36058700209643607,15787.703958262377,3669.0
06085503218,53036.0,1575.0,0.687866927592955,18539.859511723018,4227.0
06085503219,60451.0,2041.0,0.5149625935162094,14646.875796859282,2738.0
06085503220,96705.0,1575.0,0.2907231555880205,12789.748338609043,4691.0
06085503221,49323.0,1125.0,0.5751552795031056,5973.0488205262845,2433.0
06085503222,122526.0,1780.0,0.325895875591616,18735.4254473061,5434.0
06085503304,101039.0,2172.0,0.4267806267806268,11431.835918453227,6566.0
06085503305,103000.0,2958.0,0.36774628879892035,6545.546059762522,5874.0
06085503306,119091.0,3000.0,0.17396593673965938,5982.752226730456,3852.0
06085503312,176607.0,2932.0,0.21656050955414013,610.2440762181724,3550.0
06085503313,250001.0,,0.08267716535433071,7174.625247665556,4449.0
06085503315,152083.0,3232.0,0.40625,12299.357676240777,7822.0
06085503321,152238.0,3501.0,0.06887052341597796,6425.9962379395365,4351.0
06085503322,151250.0,2716.0,0.27296819787985865,8082.490898857417,4506.0
06085503323,169484.0,,0.12301587301587301,8715.953000486807,3809.0
06085503324,170399.0,2474.0,0.1744312026002167,10426.018298525309,3333.0
06085503325,145991.0,2120.0,0.25663716814159293,10187.846541129222,4478.0
06085503326,235673.0,3501.0,0.18388977212506624,4151.737533056927,6829.0
06085503327,172381.0,3501.0,0.22892441860465115,7973.443589338754,4434.0
06085503329,217369.0,3501.0,0.1495601173020528,7328.883046331787,3294.0
06085503330,250001.0,3501.0,0.10290371879775853,952.4318673897947,6550.0
06085503331,126324.0,2636.0,0.13800578034682082,6601.979192428601,3481.0
06085503332,132969.0,3501.0,0.10996807378503015,1945.7999653306485,5897.0
06085503333,213003.0,3501.0,0.1696881798404641,5707.961406540411,4590.0
06085503336,190000.0,3264.0,0.19135802469135801,8183.618951110041,2861.0
06085503337,159904.0,2693.0,0.15195632393084624,14908.114062307433,4409.0
06085503338,250001.0,3501.0,0.04814189189189189,1094.3255509660657,3972.0
06085503339,250001.0,3501.0,0.06370967741935483,2641.65113034243,3827.0
06085503401,111576.0,3501.0,0.28017718715393136,11690.4282219038,4073.0
06085503402,79306.0,2041.0,0.567,15211.051437565366,4279.0
06085503504,139180.0,3501.0,0.37023914968999116,12761.110295054896,5526.0
06085503506,101146.0,2813.0,0.44389027431421446,16112.062293232519,6220.0
06085503507,168716.0,2563.0,0.2583732057416268,15265.064181201888,2290.0
06085503508,125469.0,2463.0,0.3092698933552092,15360.443458166688,5979.0
06085503509,151786.0,3501.0,0.22989949748743718,9580.116546892643,3990.0
06085503510,135926.0,2590.0,0.39019963702359345,10706.657582202894,4270.0
06085503511,125972.0,3200.0,0.23506988564167725,11120.105349383291,3560.0
06085503601,98021.0,2126.0,0.6205405405405405,6650.891449587012,3524.0
06085503602,98611.0,2145.0,0.4795275590551181,10323.831732584516,4876.0
06085503703,105455.0,2143.0,0.5336426914153132,15254.552284524807,3858.0
06085503707,109000.0,2793.0,0.5059523809523809,,4665.0
06085503708,103446.0,1810.0,0.41690962099125367,,2530.0
06085503709,78089.0,1745.0,0.6814609338881183,,5862.0
06085503710,43125.0,1270.0,0.8107344632768362,13120.777728167805,3046.0
06085503711,109167.0,2260.0,0.49292929292929294,10788.242726434062,4023.0
06085503712,50612.0,1646.0,0.7678571428571429,,3770.0
06085503713,68636.0,2072.0,0.749534450651769,,3082.0
06085503802,114023.0,2736.0,0.45737944471505115,,7647.0
06085503803,190855.0,3501.0,0.31184528605962936,,5388.0
06085503804,141289.0,2818.0,0.4152859433458044,,6231.0
06085503902,121083.0,2379.0,0.43272481406355645,,6187.0
06085503903,131806.0,2133.0,0.4663402692778458,,2911.0
06085504001,87364.0,2335.0,0.46921017402945114,,4873.0
06085504002,92091.0,2534.0,0.38533429187634793,16089.672598995672,6376.0
06085504101,144167.0,2485.0,0.2355864811133201,,3628.0
06085504102,156450.0,3501.0,0.23377638780297108,,5273.0
06085504201,197750.0,3243.0,0.19908466819221968,,6020.0
06085504202,229028.0,3116.0,0.11215686274509803,,4151.0
06085504307,154801.0,2717.0,0.2397223705285638,,5716.0
06085504308,212941.0,2854.0,0.1858108108108108,,4898.0
06085504311,173106.0,3226.0,0.4829372333942718,,8850.0
06085504314,210357.0,3343.0,0.18365817091454273,,4425.0
06085504315,182784.0,3501.0,0.1974766867800329,,6475.0
06085504316,192188.0,3449.0,0.23994546693933197,,5403.0
06085504317,180859.0,3501.0,0.24597918637653737,,3639.0
06085504318,106535.0,2275.0,0.23380281690140844,,7989.0
06085504319,227279.0,2921.0,0.22182920667003536,,5980.0
06085504320,183571.0,3501.0,0.22747747747747749,,2990.0
06085504321,189867.0,2976.0,0.29568302779420463,,5556.0
06085504322,167583.0,3273.0,0.6336633663366337,,5285.0
06085504323,161552.0,3074.0,0.4514038876889849,,5814.0
06085504410,153523.0,2077.0,0.3311421528348398,,3960.0
06085504411,166354.0,3381.0,0.26411543287327477,,5553.0
06085504412,149659.0,2360.0,0.421505376344086,,4928.0
06085504413,155982.0,1490.0,0.40215924426450744,,1963.0
06085504414,165761.0,3501.0,0.3274285714285714,,5141.0
06085504415,213654.0,3501.0,0.15746971736204576,,4885.0
06085504416,190981.0,3273.0,0.2989778534923339,,3791.0
06085504418,116310.0,2546.0,0.429701230228471,,3951.0
06085504421,172500.0,3501.0,0.19788918205804748,,5422.0
06085504422,141111.0,2225.0,0.3700873362445415,,3440.0
06085504423,181250.0,3501.0,0.2619047619047619,,2101.0
06085504424,153333.0,2892.0,0.3815286624203822,,4974.0
06085504505,229572.0,3501.0,0.5862932604735883,,11610.0
06085504506,164879.0,3036.0,0.4276401564537158,,7188.0
06085504507,163724.0,2869.0,0.32872596153846156,,6052.0
06085504508,186083.0,3229.0,0.35596026490066224,,3862.0
06085504509,181165.0,3090.0,0.5843720038350911,,4921.0
06085504510,159186.0,2915.0,0.5074525745257452,,3900.0
06085504601,74250.0,2765.0,0.33948339483394835,,1212.0
06085504602,121953.0,2107.0,0.2667946257197697,,1542.0
06085504700,194917.0,3501.0,1.0,,845.0
06085504802,116525.0,2817.0,0.2833530106257379,,4506.0
06085504805,149207.0,3165.0,0.4212874442319949,,7409.0
06085504806,158750.0,3501.0,0.33292978208232443,,2753.0
06085504807,230829.0,3484.0,0.6573719065876612,,5920.0
06085504808,117054.0,1813.0,0.5513748191027497,,2111.0
06085504902,196797.0,3364.0,0.6616583194212576,,4410.0
06085504903,226711.0,3363.0,0.765625,,5228.0
06085505006,240086.0,3292.0,0.849634776411901,,11179.0
06085505007,164115.0,3188.0,0.38308457711442784,,4223.0
06085505010,202663.0,3328.0,0.365446371226718,,4756.0
06085505011,156446.0,3202.0,0.7423625254582484,,4828.0
06085505012,218750.0,3450.0,1.0,,2659.0
06085505013,215775.0,3313.0,0.9836916234247591,,5637.0
06085505014,159833.0,3099.0,0.8174962292609351,,6478.0
06085505015,167422.0,3407.0,0.6431974589730016,,5169.0
06085505100,115395.0,2261.0,0.631219512195122,1484.5176624646715,3993.0
06085505202,164928.0,3325.0,0.7489495798319328,,8273.0
06085505203,139028.0,3266.0,0.47333772218564846,10326.194352053619,5725.0
06085505301,200781.0,3389.0,0.7795620437956204,,5414.0
06085505302,213365.0,3501.0,0.3579511614055986,,4958.0
06085505303,124491.0,2361.0,0.601972209771403,,5877.0
06085505304,226731.0,3501.0,0.1446700507614213,,3499.0
06085505305,205550.0,2966.0,0.4331065759637188,,5672.0
06085505401,162000.0,3057.0,0.7733837689133425,14636.743866964442,6607.0
06085505402,167457.0,2471.0,0.4258492129246065,7421.510893270721,3051.0
06085505403,182500.0,2885.0,0.7729508196721312,15114.363470254917,8136.0
06085505500,171855.0,2402.0,0.5451327433628319,9058.856805384803,4771.0
06085505600,140263.0,2487.0,0.7175102599179206,12015.63032663947,4808.0
06085505700,125740.0,2702.0,0.6802303262955854,9034.117197643494,5636.0
06085505800,169722.0,3250.0,0.2952755905511811,5654.405899934202,3683.0
06085505901,182763.0,2768.0,0.4871638141809291,8367.384570568096,4101.0
06085505902,107079.0,2300.0,0.6628664495114006,11429.323775551497,3893.0
06085506000,197202.0,3192.0,0.3482587064676617,9646.015771491717,4988.0
06085506101,190750.0,3047.0,0.3104738154613466,7984.438418007109,4643.0
06085506102,189439.0,3501.0,0.4601328903654485,10100.501224953252,4434.0
06085506103,231563.0,3390.0,0.33560864618885095,8745.830011496819,5187.0
06085506202,189032.0,2800.0,0.3473566641846612,8561.564548996856,8313.0
06085506203,142791.0,2547.0,0.7336409395973155,15771.421285786551,6717.0
06085506204,200288.0,3103.0,0.3020985846754514,8450.041241338993,5860.0
06085506301,138411.0,2528.0,0.6860735910572893,8631.283075388259,4994.0
06085506302,182908.0,3062.0,0.5724213606437454,8173.647633162326,6357.0
06085506304,113893.0,2382.0,0.7857457105147382,14296.078610202634,5956.0
06085506305,96150.0,2135.0,0.7373689227836034,12407.097448730749,5235.0
06085506401,172134.0,3039.0,0.7137648131267093,9166.285525955425,4758.0
06085506402,121413.0,2430.0,0.5559633027522936,9446.359882131825,5257.0
06085506502,143500.0,2843.0,0.5454136690647482,4320.370026021102,5040.0
06085506503,111225.0,2330.0,0.7268468468468469,9585.708551243206,6623.0
06085506504,104787.0,2260.0,0.8886138613861386,26386.851934865354,2136.0
06085506505,115833.0,2338.0,0.5184940554821664,16493.628301522625,4187.0
06085506601,133194.0,2132.0,0.5248990578734859,6323.043653567038,3825.0
06085506603,250001.0,3501.0,0.34101382488479265,8692.118123779086,4295.0
06085506604,191843.0,2795.0,0.1981795614398014,7225.029521348676,6855.0
06085506605,139265.0,2380.0,0.48205128205128206,11081.08620138351,4275.0
06085506606,133700.0,2875.0,0.3947939262472885,10740.21117054292,4976.0
06085506701,228173.0,3146.0,0.22097114707952145,7480.582372681726,4620.0
06085506702,122050.0,2829.0,0.46066838046272496,8810.613353751996,5755.0
06085506703,154149.0,2808.0,0.5082758620689655,7400.179101280878,3870.0
06085506801,250001.0,3317.0,0.3059299191374663,5566.025197371765,6216.0
06085506802,202796.0,2854.0,0.2715,7300.420923372821,5761.0
06085506803,194219.0,2652.0,0.44371152154793314,7978.7065619659925,7056.0
06085506804,221071.0,3501.0,0.19596354166666666,7351.30284624578,4377.0
06085506900,222166.0,3501.0,0.25530384753685725,2250.6089652905994,8160.0
06085507002,250001.0,3295.0,0.08576480990274093,630.8635741505728,3325.0
06085507003,250001.0,3392.0,0.17098445595854922,786.6599595895989,2895.0
06085507004,175347.0,3253.0,0.4083924349881797,4107.8252743346175,3844.0
06085507100,159821.0,2426.0,0.6243465272591486,4634.163755543853,2820.0
06085507203,224464.0,3330.0,0.46648793565683644,4435.558585272817,3097.0
06085507205,244521.0,3501.0,0.14244851258581237,3419.16923970512,4459.0
06085507206,250001.0,,0.02771855010660981,2260.838504264185,2826.0
06085507301,244207.0,3279.0,0.13590604026845637,1959.9852628445367,6387.0
06085507302,250001.0,3501.0,0.14914163090128754,578.9725990159242,2654.0
06085507401,244046.0,3501.0,0.08082408874801902,4653.971520240314,5800.0
06085507402,243720.0,3143.0,0.23766816143497757,4202.0094189746915,3922.0
06085507500,214375.0,3501.0,0.09154929577464789,4177.223679790892,5955.0
06085507600,250001.0,3501.0,0.15255052935514918,1147.0076638676396,6144.0
06085507701,234886.0,3501.0,0.16755117513267628,3714.7982168589842,3788.0
06085507702,250001.0,3501.0,0.15335463258785942,2174.6707430118445,6464.0
06085507704,157014.0,3501.0,0.5036437246963563,6578.34425616836,3367.0
06085507705,250001.0,3501.0,0.24316334072431633,1954.3815139216586,3953.0
06085507805,201939.0,3426.0,0.6748434237995825,6033.55373123132,4888.0
06085507806,200887.0,3378.0,0.7132701421800948,7775.913446739878,5657.0
06085507807,250001.0,3501.0,0.2755598831548199,8091.772701619495,3115.0
06085507808,250001.0,3501.0,0.2968253968253968,8706.9322241075,5720.0
06085507903,223571.0,3501.0,0.18617614269788182,8680.369091905342,5037.0
06085507904,250001.0,3501.0,0.13721804511278196,6002.991876414382,2963.0
06085507905,141429.0,2336.0,0.4681372549019608,11699.410818849658,6596.0
06085507906,250001.0,3501.0,0.243849493487699,8171.633061204024,4499.0
06085508003,198500.0,3501.0,0.3584656084656085,7256.186719274483,2236.0
06085508004,250001.0,3396.0,0.5103969754253308,10977.416448554648,6131.0
06085508005,206389.0,3501.0,0.5155642023346303,9424.2955946566,3835.0
06085508006,240833.0,3501.0,0.1900709219858156,8123.0076504537665,3817.0
06085508101,250001.0,3501.0,0.3957816377171216,6522.494936790524,6679.0
06085508102,216094.0,3478.0,0.6156688839615669,3512.6343621689193,3693.0
06085508203,250001.0,3501.0,0.3750701852891634,9128.728625359114,5511.0
06085508204,250001.0,3501.0,0.4397031539888683,12008.723488985514,4725.0
06085508205,213981.0,3177.0,0.6842105263157895,9067.240886109077,4334.0
06085508206,250001.0,3501.0,0.2633426966292135,7626.261671522064,4048.0
06085508301,250001.0,3033.0,0.20129032258064516,5854.116959708518,4461.0
06085508303,219081.0,3501.0,0.09776833156216791,5554.150100839478,2647.0
06085508305,121145.0,2500.0,0.8159609120521173,32116.457938566746,5284.0
06085508306,250001.0,3501.0,0.370242214532872,8876.238532956271,2980.0
06085508401,198816.0,3383.0,0.35852869846402585,,8061.0
06085508403,250001.0,3501.0,0.15254237288135594,,3176.0
06085508404,213393.0,3501.0,0.43947939262472885,,6312.0
06085508503,167763.0,2622.0,0.7260688611426409,,6020.0
06085508505,205625.0,3243.0,0.5308521057786484,,4833.0
06085508507,174267.0,2804.0,0.7292393579902303,,3388.0
06085508508,133065.0,2687.0,0.5182987141444114,,5873.0
06085508509,161270.0,2734.0,0.9727678571428572,,4240.0
06085508510,174167.0,2837.0,0.6339009287925697,,3606.0
06085508601,195804.0,3501.0,0.4064102564102564,,3914.0
06085508602,180959.0,3277.0,0.7790483216525267,,6074.0
06085508705,189571.0,3214.0,0.7039370078740157,,4452.0
06085508706,216210.0,3200.0,0.5668906536346976,,4295.0
06085508707,173165.0,2639.0,0.5848696757787667,,3907.0
06085508708,250001.0,3501.0,0.7077553593947037,,6682.0
06085508800,143333.0,2805.0,0.715,,3619.0
06085508900,156726.0,2458.0,0.5384134915677702,,4428.0
06085509001,162981.0,2605.0,0.4373284537968893,,3031.0
06085509002,175625.0,3200.0,0.45327754532775455,,4097.0
06085509102,229505.0,3147.0,0.7433826828174069,,4704.0
06085509106,159951.0,2831.0,0.7581863979848866,,4123.0
06085509107,143611.0,2787.0,0.9608695652173913,,5107.0
06085509108,219063.0,2690.0,0.5291599785981809,,4617.0
06085509109,250001.0,3501.0,0.5843955195056006,,7153.0
06085509110,192045.0,3501.0,0.8512931034482759,,3317.0
06085509111,135398.0,3068.0,0.7068878833584716,,4643.0
06085509201,182611.0,3005.0,0.5941812756434166,,5287.0
06085509202,228462.0,2680.0,0.4388753056234719,,4222.0
06085509302,169896.0,3348.0,0.43944353518821605,,3508.0
06085509303,175288.0,2500.0,0.6438522107813447,,3565.0
06085509304,207381.0,3252.0,0.5726643598615917,,3175.0
06085509401,149258.0,2811.0,0.8239933582399336,,4746.0
06085509403,177847.0,2845.0,0.8482276585122317,,4115.0
06085509404,203864.0,3501.0,0.6677057356608479,,6256.0
06085509500,178892.0,2798.0,0.8262230919765167,,5617.0
06085509600,188676.0,3284.0,0.7938084112149533,,3724.0
06085509700,209607.0,3463.0,0.5745454545454546,,3064.0
06085509801,167957.0,2387.0,0.47214539707625447,,5969.0
06085509802,220694.0,2765.0,0.4298480786416443,,3090.0
06085509901,250001.0,3501.0,0.16516129032258065,,2602.0
06085509902,222955.0,2602.0,0.3015267175572519,,5161.0
06085510001,250001.0,3492.0,0.0903522205206738,,5852.0
06085510002,250001.0,3501.0,0.14925373134328357,5588.404586582803,4131.0
06085510100,250001.0,3501.0,0.12248803827751197,3572.1662134897897,2792.0
06085510200,250001.0,3501.0,0.08513341804320203,,4565.0
06085510300,250001.0,3501.0,0.24055781522370714,,4649.0
06085510400,250001.0,3501.0,0.2534992223950233,,3495.0
06085510500,250001.0,3501.0,0.23186750428326672,,4911.0
06085510600,198068.0,3143.0,0.4035621198957428,,6602.0
06085510700,182266.0,2808.0,0.5743273048081164,,4740.0
06085510801,250001.0,3501.0,0.27363972530375064,,5244.0
06085510802,250001.0,3501.0,0.32653061224489793,,2014.0
06085510803,250001.0,2531.0,0.5263591433278418,,3406.0
06085510900,183536.0,3390.0,0.3548040794417606,,4431.0
06085511000,250001.0,3501.0,0.44293015332197616,,7180.0
06085511100,250001.0,3501.0,0.17808904452226113,,5379.0
06085511200,250001.0,3501.0,0.2800925925925926,,4765.0
06085511301,238750.0,3463.0,0.5065868263473053,,4163.0
06085511302,139167.0,2674.0,0.7205726405090138,,3880.0
06085511400,250001.0,3501.0,0.32947976878612717,,3608.0
06085511501,173470.0,3408.0,0.6046389035318924,,4680.0
06085511502,250001.0,,0.01282051282051282,,3022.0
06085511608,42824.0,1706.0,1.0,,3316.0
06085511609,148365.0,3501.0,0.9056490384615384,,3441.0
06085511701,250001.0,3501.0,0.08529214237743452,,4368.0
06085511702,250001.0,3501.0,0.13457556935817805,2816.3158836234925,2859.0
06085511704,250001.0,3501.0,0.0558858501783591,753.7533710142457,4480.0
06085511705,250001.0,2869.0,0.17757009345794392,,2145.0
06085511707,203068.0,3501.0,0.18135158254918735,69.8686795999036,3047.0
06085511800,196786.0,2359.0,0.19033047735618114,80.1006599276779,4289.0
06085511905,250001.0,3501.0,0.17767441860465116,6316.179994385634,3084.0
06085511907,250001.0,3501.0,0.11633466135458168,6101.625570735915,4096.0
06085511910,250001.0,3501.0,0.09567617295308188,3415.3859961338467,2992.0
06085511911,167639.0,1870.0,0.25392802838317285,326.01561007608905,4601.0
06085511912,232214.0,3501.0,0.11355735805330243,5590.176291907916,5286.0
06085511913,250001.0,3501.0,0.09636871508379888,5764.776590098081,4282.0
06085511914,250001.0,3391.0,0.08028846153846154,5864.236657322257,6287.0
06085511915,81458.0,2331.0,0.6180904522613065,9246.482803326628,3754.0
06085511916,191735.0,2247.0,0.38242894056847543,6588.726108322362,4483.0
06085511917,250001.0,3501.0,0.0347985347985348,3966.560241881472,4379.0
06085511918,250001.0,3501.0,0.045824847250509164,402.2394375598558,3243.0
06085512001,205750.0,3501.0,0.08721560130010834,788.3450357456475,6102.0
06085512005,198012.0,2283.0,0.16899441340782123,7114.211607616394,6650.0
06085512019,122813.0,3173.0,0.3862887277521424,10517.991262133222,4380.0
06085512021,148548.0,3501.0,0.15911379657603222,9383.532729219745,5782.0
06085512022,94495.0,2373.0,0.41914893617021276,15823.43930235275,6275.0
06085512023,106684.0,2594.0,0.47780126849894294,14589.314472549564,5346.0
06085512024,136168.0,2150.0,0.5245449531163817,8817.304349971319,5288.0
06085512025,220962.0,3501.0,0.13516260162601626,6354.642972727389,3062.0
06085512026,160156.0,3044.0,0.1566265060240964,4382.996305318187,3734.0
06085512027,106406.0,2885.0,0.5733678086619263,6043.176211184833,3908.0
06085512029,180725.0,3364.0,0.2206405693950178,11039.05496884101,8115.0
06085512030,181326.0,3501.0,0.14126807563959956,6298.247703566088,2898.0
06085512031,196727.0,3501.0,0.09839650145772595,7394.497404345303,4099.0
06085512032,173750.0,3501.0,0.2657393850658858,3275.192602680568,3754.0
06085512034,157569.0,3406.0,0.21664994984954863,7441.902331235936,2997.0
06085512035,198632.0,3350.0,0.23867069486404835,5123.137621243929,4519.0
06085512036,138841.0,3164.0,0.6628352490421456,14875.46820140141,4768.0
06085512037,184333.0,3463.0,0.1231578947368421,7678.86102796795,2989.0
06085512038,101308.0,2741.0,0.39677744209466265,6038.397163334746,3217.0
06085512039,134158.0,2164.0,0.2954703832752613,10637.498679824621,5717.0
06085512042,111875.0,1819.0,0.3963963963963964,11049.737163027978,2830.0
06085512043,81984.0,2114.0,0.6038072575847709,14787.913016559703,5266.0
06085512045,181528.0,3190.0,0.19530791788856305,6430.267525485186,5086.0
06085512047,180909.0,3390.0,0.1799265605875153,8324.61217304407,5315.0
06085512052,132699.0,3211.0,0.5799192152336988,7904.021175454093,4491.0
06085512053,117292.0,2633.0,0.3377967133292757,11413.617813309977,4815.0
06085512054,105292.0,2537.0,0.9841095890410959,31867.382787752806,4457.0
06085512055,124398.0,3292.0,0.5173611111111112,13748.703915741818,3595.0
06085512056,123674.0,2740.0,0.35023923444976074,10433.256549849057,3807.0
06085512057,176016.0,3327.0,0.2714148219441771,8280.707410246932,4385.0
06085512058,138750.0,3002.0,0.8111745513866232,9386.29597436367,5561.0
06085512059,176250.0,3057.0,0.29398762157382846,7682.890835493847,7000.0
06085512100,121563.0,2331.0,0.565121412803532,77.35817211384128,1710.0
06085512200,250001.0,3501.0,0.10652304009575105,50.743999081907596,5146.0
06085512305,247321.0,3184.0,0.08685626441199078,623.344925739064,4029.0
06085512307,148064.0,2085.0,0.2475500639113762,3093.0771852411294,6529.0
06085512308,248750.0,3501.0,0.12481644640234948,1584.5004484590825,8550.0
06085512309,210212.0,3367.0,0.12841854934601665,1448.5921660694548,5110.0
06085512310,100506.0,1972.0,0.5711098717233687,3413.001374098347,5234.0
06085512311,139074.0,3501.0,0.21875,1944.884650481173,4119.0
06085512312,206208.0,3244.0,0.2735923869944489,7551.3972525136915,4066.0
06085512313,107198.0,2710.0,0.5984911986588433,3949.6953813549167,4008.0
06085512314,152349.0,2223.0,0.4564727108705458,4940.665927978508,7110.0
06085512401,197540.0,1743.0,0.18716577540106952,248.01822816498486,3961.0
06085512402,148833.0,2649.0,0.2521419828641371,298.6911887889542,5696.0
06085512505,99742.0,2429.0,0.4634146341463415,7489.924222963143,7683.0
06085512509,184500.0,3435.0,0.17195496417604914,4196.33499632332,7855.0
06085512510,117083.0,2350.0,0.3404494382022472,858.1159956623923,7673.0
06085512511,124625.0,1511.0,0.41002570694087404,8927.55003786298,4774.0
06085512512,101793.0,2737.0,0.41514860977948226,9007.063014892821,3406.0
06085512513,84934.0,1587.0,0.5642361111111112,8103.771703518137,4003.0
06085512514,111250.0,2231.0,0.39684466019417475,9585.94752363492,2899.0
06085512515,176250.0,3501.0,0.12667560321715818,1211.5146352977833,4837.0
06085512516,159137.0,3501.0,0.2221458046767538,3420.3767667791726,4322.0
06085512602,140556.0,2218.0,0.32261904761904764,83.25578728923118,3124.0
06085512603,90139.0,1863.0,0.8270989193682461,6047.477361513208,4877.0
06085512604,83946.0,2315.0,0.6034934497816594,5413.0953687509345,4637.0
06085513000,53696.0,2022.0,0.9687366167023554,,12324.0
06085513500,102750.0,1708.0,0.3736654804270463,1.709258413682826,1009.0
