zipCode,CountyName,month,zori
90291,Los Angeles County,2015-01,2209.53268817931
90291,Los Angeles County,2015-02,2227.6708966072224
90291,Los Angeles County,2015-03,2295.5585742532103
90291,Los Angeles County,2015-04,2297.0751458156933
90291,Los Angeles County,2015-05,2328.198934038542
90291,Los Angeles County,2015-06,2328.1749699935153
90291,Los Angeles County,2015-07,2416.149020801671
90291,Los Angeles County,2015-08,2454.695998206551
90291,Los Angeles County,2015-09,2476.9302601877657
90291,Los Angeles County,2015-10,2452.19231206722
90291,Los Angeles County,2015-11,2493.4524718580674
90291,Los Angeles County,2015-12,2500.1698806966697
90291,Los Angeles County,2016-01,2501.8211383033736
90291,Los Angeles County,2016-02,2547.129688761142
90291,Los Angeles County,2016-03,2607.277656009709
93940,Monterey County,2016-04,1591.6606212743598
90291,Los Angeles County,2016-04,2650.1817165411767
93940,Monterey County,2016-05,1590.1412356890044
90291,Los Angeles County,2016-05,2673.344726205354
93940,Monterey County,2016-06,1603.2757235487754
90291,Los Angeles County,2016-06,2667.605398797202
95050,Santa Clara County,2016-07,2639.5172005695545
93940,Monterey County,2016-07,1597.831045147172
90291,Los Angeles County,2016-07,2736.878366713098
95050,Santa Clara County,2016-08,2611.89690179658
93940,Monterey County,2016-08,1616.9859839577423
90291,Los Angeles County,2016-08,2651.67635827626
95050,Santa Clara County,2016-09,2569.8740475884856
93940,Monterey County,2016-09,1636.914730623263
90291,Los Angeles County,2016-09,2681.8281833169012
95050,Santa Clara County,2016-10,2552.8141725938303
93940,Monterey County,2016-10,1632.6851817940917
90291,Los Angeles County,2016-10,2679.231498558257
95050,Santa Clara County,2016-11,2489.3281011618355
93940,Monterey County,2016-11,1625.3627728492972
90291,Los Angeles County,2016-11,2684.093285825729
95050,Santa Clara County,2016-12,2536.899566161266
93940,Monterey County,2016-12,1616.0136691793805
90291,Los Angeles County,2016-12,2680.607807088923
95050,Santa Clara County,2017-01,2532.1136581985397
93940,Monterey County,2017-01,1622.9200364698502
90291,Los Angeles County,2017-01,2718.0265553256536
95050,Santa Clara County,2017-02,2594.460374556027
93940,Monterey County,2017-02,1631.095019037776
90291,Los Angeles County,2017-02,2721.882131224856
95050,Santa Clara County,2017-03,2573.3262442180603
93940,Monterey County,2017-03,1674.571144171747
90291,Los Angeles County,2017-03,2760.6708748999354
95050,Santa Clara County,2017-04,2573.2130482345124
93940,Monterey County,2017-04,1689.0671891689776
90291,Los Angeles County,2017-04,2733.1861768706485
95050,Santa Clara County,2017-05,2559.001529071001
93940,Monterey County,2017-05,1714.021209372385
90291,Los Angeles County,2017-05,2812.6085160533926
95050,Santa Clara County,2017-06,2562.7880641176484
93940,Monterey County,2017-06,1705.2741368308707
95032,Santa Clara County,2017-06,3203.3823776967374
90291,Los Angeles County,2017-06,2724.6660079179164
95050,Santa Clara County,2017-07,2618.766571259092
93940,Monterey County,2017-07,1717.621562773151
95032,Santa Clara County,2017-07,3157.349027912562
90291,Los Angeles County,2017-07,2769.7493831339616
95050,Santa Clara County,2017-08,2661.497512822685
93940,Monterey County,2017-08,1724.4777064534665
95032,Santa Clara County,2017-08,3165.965986911423
90291,Los Angeles County,2017-08,2770.25532635105
95050,Santa Clara County,2017-09,2682.7616274647617
93940,Monterey County,2017-09,1706.2953973872638
95032,Santa Clara County,2017-09,3165.7592517397643
90291,Los Angeles County,2017-09,2855.157368539897
95050,Santa Clara County,2017-10,2656.6680846498957
93940,Monterey County,2017-10,1704.244582062253
95032,Santa Clara County,2017-10,3211.625440811119
90291,Los Angeles County,2017-10,2855.013522879819
95050,Santa Clara County,2017-11,2647.544203326473
93940,Monterey County,2017-11,1710.2428749414923
95032,Santa Clara County,2017-11,3172.6883007630527
90291,Los Angeles County,2017-11,2862.3718549668743
95050,Santa Clara County,2017-12,2612.033217987
93940,Monterey County,2017-12,1740.322676722352
95032,Santa Clara County,2017-12,3178.545170133381
90291,Los Angeles County,2017-12,2849.3430887265113
95050,Santa Clara County,2018-01,2597.372847847042
93940,Monterey County,2018-01,1744.4985240873336
95032,Santa Clara County,2018-01,3178.744029714686
90291,Los Angeles County,2018-01,2853.198119692763
95050,Santa Clara County,2018-02,2605.6596259304656
93940,Monterey County,2018-02,1767.2598534383285
95032,Santa Clara County,2018-02,3292.1428608135384
90291,Los Angeles County,2018-02,2853.307539355687
95050,Santa Clara County,2018-03,2642.4469759421213
93940,Monterey County,2018-03,1785.084911557906
95032,Santa Clara County,2018-03,3323.3732466086576
90291,Los Angeles County,2018-03,2878.0602018565996
95050,Santa Clara County,2018-04,2669.0289457520057
93940,Monterey County,2018-04,1799.3924223792385
95032,Santa Clara County,2018-04,3349.287098874258
90291,Los Angeles County,2018-04,2870.63485796746
93906,Monterey County,2018-05,1521.3027512949427
95050,Santa Clara County,2018-05,2699.01398587462
93940,Monterey County,2018-05,1818.671501005958
95032,Santa Clara County,2018-05,3280.66083454462
90291,Los Angeles County,2018-05,2878.756277783169
93906,Monterey County,2018-06,1538.7041727933797
95050,Santa Clara County,2018-06,2706.637058794141
93940,Monterey County,2018-06,1840.2365526999895
95032,Santa Clara County,2018-06,3314.404234519887
90291,Los Angeles County,2018-06,2945.158594802446
93906,Monterey County,2018-07,1586.4202645618825
95050,Santa Clara County,2018-07,2740.7395687066696
93940,Monterey County,2018-07,1842.3276125385587
95032,Santa Clara County,2018-07,3350.6215239120256
90291,Los Angeles County,2018-07,2949.34272492106
93906,Monterey County,2018-08,1598.3195619660676
95037,Santa Clara County,2018-08,2878.131925664945
95050,Santa Clara County,2018-08,2760.1305747314605
93940,Monterey County,2018-08,1829.4901677401904
95032,Santa Clara County,2018-08,3356.494644215208
90291,Los Angeles County,2018-08,2979.5121025500703
93906,Monterey County,2018-09,1601.1851068549977
95037,Santa Clara County,2018-09,2855.844923125387
95050,Santa Clara County,2018-09,2796.8937659820276
93940,Monterey County,2018-09,1828.6819244652736
95032,Santa Clara County,2018-09,3351.3836755495927
90291,Los Angeles County,2018-09,2925.6888050487764
93906,Monterey County,2018-10,1606.2016709707914
95037,Santa Clara County,2018-10,2845.8856833034183
95050,Santa Clara County,2018-10,2799.773959702235
93940,Monterey County,2018-10,1836.7612622937656
95032,Santa Clara County,2018-10,3318.509180165784
90291,Los Angeles County,2018-10,2983.3172275795773
93906,Monterey County,2018-11,1571.753633186024
95037,Santa Clara County,2018-11,2858.5447995799727
95050,Santa Clara County,2018-11,2785.1725313191428
93940,Monterey County,2018-11,1848.8266806691445
95032,Santa Clara County,2018-11,3343.04001686451
90291,Los Angeles County,2018-11,2965.5540666437764
93906,Monterey County,2018-12,1531.1196472992124
95037,Santa Clara County,2018-12,2844.783115366313
95050,Santa Clara County,2018-12,2731.900557864411
93940,Monterey County,2018-12,1837.2749599376928
95032,Santa Clara County,2018-12,3364.2113769806283
90291,Los Angeles County,2018-12,2986.3188735276617
93906,Monterey County,2019-01,1509.7972136357455
95037,Santa Clara County,2019-01,2873.134786010985
95060,Santa Cruz County,2019-01,2485.3324237606616
95050,Santa Clara County,2019-01,2721.9532775455327
93940,Monterey County,2019-01,1831.6600032321332
95032,Santa Clara County,2019-01,3397.2906684615637
90291,Los Angeles County,2019-01,2977.6314741345514
93906,Monterey County,2019-02,1522.5336569422548
95037,Santa Clara County,2019-02,2871.833371827001
95060,Santa Cruz County,2019-02,2470.8222055041338
95050,Santa Clara County,2019-02,2712.819279697672
93940,Monterey County,2019-02,1836.8978433915531
95032,Santa Clara County,2019-02,3456.633708696289
90291,Los Angeles County,2019-02,3016.4474842871864
93950,Monterey County,2019-02,2051.6550303188537
93906,Monterey County,2019-03,1548.7667081397228
95037,Santa Clara County,2019-03,2869.497828627913
95060,Santa Cruz County,2019-03,2496.9719881689452
95050,Santa Clara County,2019-03,2762.902008746143
93940,Monterey County,2019-03,1845.1459139508877
95032,Santa Clara County,2019-03,3484.4226793324556
90291,Los Angeles County,2019-03,3015.709911466414
93950,Monterey County,2019-03,2088.4258080112554
93906,Monterey County,2019-04,1572.9000219830114
95037,Santa Clara County,2019-04,2861.6928107433314
95060,Santa Cruz County,2019-04,2461.447067840747
95050,Santa Clara County,2019-04,2804.802940257703
93940,Monterey County,2019-04,1860.897443785431
95032,Santa Clara County,2019-04,3479.3485095634155
90291,Los Angeles County,2019-04,3021.4061271894793
93950,Monterey County,2019-04,2080.830007245389
93906,Monterey County,2019-05,1613.9134319631587
95037,Santa Clara County,2019-05,2846.335019430346
95060,Santa Cruz County,2019-05,2473.3685973496367
95050,Santa Clara County,2019-05,2842.138015361644
93940,Monterey County,2019-05,1879.453994669285
95032,Santa Clara County,2019-05,3413.7209514287333
90291,Los Angeles County,2019-05,3051.026456719121
93950,Monterey County,2019-05,2101.197782405779
93906,Monterey County,2019-06,1641.7215164291456
95037,Santa Clara County,2019-06,2910.930919801102
95060,Santa Cruz County,2019-06,2494.1223953754093
95050,Santa Clara County,2019-06,2861.6601306698144
93940,Monterey County,2019-06,1893.2173177388552
95032,Santa Clara County,2019-06,3390.9265939955467
90291,Los Angeles County,2019-06,3080.8242992550795
93950,Monterey County,2019-06,2123.1858109372597
93906,Monterey County,2019-07,1661.117491263487
95037,Santa Clara County,2019-07,2945.1171933046776
95060,Santa Cruz County,2019-07,2506.851410632117
95050,Santa Clara County,2019-07,2868.7745348314033
93940,Monterey County,2019-07,1926.236053451574
95032,Santa Clara County,2019-07,3396.3230859121686
90291,Los Angeles County,2019-07,3120.994815281309
93950,Monterey County,2019-07,2145.2694583047646
93906,Monterey County,2019-08,1651.498247153334
95037,Santa Clara County,2019-08,2988.2270224120903
95060,Santa Cruz County,2019-08,2455.363533359438
95050,Santa Clara County,2019-08,2880.7802183089193
93940,Monterey County,2019-08,1932.7142530896003
95032,Santa Clara County,2019-08,3439.334075379605
90291,Los Angeles County,2019-08,3092.6767966906013
93950,Monterey County,2019-08,2136.9821238711834
93906,Monterey County,2019-09,1655.9718049355054
95037,Santa Clara County,2019-09,2969.045844359747
95060,Santa Cruz County,2019-09,2442.873373844473
95050,Santa Clara County,2019-09,2910.0277317110076
93940,Monterey County,2019-09,1943.9070602513525
95032,Santa Clara County,2019-09,3454.5204054697588
90291,Los Angeles County,2019-09,3097.5133962908444
93950,Monterey County,2019-09,2100.797706329394
93906,Monterey County,2019-10,1641.7110999141305
95037,Santa Clara County,2019-10,2943.692014366713
95060,Santa Cruz County,2019-10,2398.028043380659
95050,Santa Clara County,2019-10,2904.918036305917
93940,Monterey County,2019-10,1924.846660821031
95032,Santa Clara County,2019-10,3532.768468480142
90291,Los Angeles County,2019-10,3091.107436949658
93950,Monterey County,2019-10,2086.657701184702
93906,Monterey County,2019-11,1645.0470191648144
95037,Santa Clara County,2019-11,2902.874015179246
95060,Santa Cruz County,2019-11,2369.402280411342
95050,Santa Clara County,2019-11,2887.2756110279183
93940,Monterey County,2019-11,1938.212307845437
95032,Santa Clara County,2019-11,3536.1429775958354
90291,Los Angeles County,2019-11,3068.083099424776
93950,Monterey County,2019-11,2061.6892349294676
93906,Monterey County,2019-12,1626.1102984249517
95037,Santa Clara County,2019-12,2917.9358343895497
95060,Santa Cruz County,2019-12,2400.9596093948785
95050,Santa Clara County,2019-12,2898.5480217313543
93940,Monterey County,2019-12,1952.487311634426
95032,Santa Clara County,2019-12,3530.741486499229
90291,Los Angeles County,2019-12,3052.3593908444677
93950,Monterey County,2019-12,2098.334172875178
93906,Monterey County,2020-01,1630.318949850856
95037,Santa Clara County,2020-01,2912.295476034347
95060,Santa Cruz County,2020-01,2491.9080191571907
95050,Santa Clara County,2020-01,2874.414798031901
93940,Monterey County,2020-01,1959.6038298870303
95032,Santa Clara County,2020-01,3484.8652847175385
90291,Los Angeles County,2020-01,3006.897749839531
93950,Monterey County,2020-01,2119.0159909555355
93906,Monterey County,2020-02,1619.1574074292569
95037,Santa Clara County,2020-02,2973.815819099724
95060,Santa Cruz County,2020-02,2592.416905966143
95050,Santa Clara County,2020-02,2854.413577396944
93940,Monterey County,2020-02,1943.3375842841356
95032,Santa Clara County,2020-02,3464.0491119578246
90291,Los Angeles County,2020-02,3032.266487154681
93950,Monterey County,2020-02,2140.91713409188
93906,Monterey County,2020-03,1619.459844378995
95037,Santa Clara County,2020-03,2986.185573322952
95060,Santa Cruz County,2020-03,2536.6561545783716
95050,Santa Clara County,2020-03,2861.346721743534
93940,Monterey County,2020-03,1945.880601510521
95032,Santa Clara County,2020-03,3419.982691790837
90291,Los Angeles County,2020-03,3042.798491186875
93950,Monterey County,2020-03,2140.5319724599353
93906,Monterey County,2020-04,1604.6171030970345
95037,Santa Clara County,2020-04,2997.1872854861263
95060,Santa Cruz County,2020-04,2501.969330086416
95050,Santa Clara County,2020-04,2837.642512018905
93940,Monterey County,2020-04,1935.708573858868
95032,Santa Clara County,2020-04,3405.8499798499465
90291,Los Angeles County,2020-04,3003.8733373659643
93950,Monterey County,2020-04,2164.9120673114803
93906,Monterey County,2020-05,1608.3279231999484
95037,Santa Clara County,2020-05,2962.0996460285673
95060,Santa Cruz County,2020-05,2470.0229674833176
95050,Santa Clara County,2020-05,2830.9825434149006
93940,Monterey County,2020-05,1925.936578331263
95032,Santa Clara County,2020-05,3416.4138743259127
90291,Los Angeles County,2020-05,3012.079896397682
93950,Monterey County,2020-05,2172.494186645348
93906,Monterey County,2020-06,1631.310066981756
95037,Santa Clara County,2020-06,2973.296224438962
95060,Santa Cruz County,2020-06,2485.8182255691677
95050,Santa Clara County,2020-06,2758.1200102943626
93940,Monterey County,2020-06,1928.7794116180148
95032,Santa Clara County,2020-06,3406.943979460996
90291,Los Angeles County,2020-06,3045.9829584831423
93950,Monterey County,2020-06,2164.4246296952674
93906,Monterey County,2020-07,1651.393209449405
95037,Santa Clara County,2020-07,3000.73231247892
95060,Santa Cruz County,2020-07,2472.4160664183382
95050,Santa Clara County,2020-07,2762.226840209871
93940,Monterey County,2020-07,1942.2882040733164
95032,Santa Clara County,2020-07,3328.933751115477
90291,Los Angeles County,2020-07,3110.0129709026833
93950,Monterey County,2020-07,2193.5374579529384
93906,Monterey County,2020-08,1686.732915911168
95037,Santa Clara County,2020-08,3031.655525049889
95060,Santa Cruz County,2020-08,2460.043866711087
95050,Santa Clara County,2020-08,2772.4370512873543
93940,Monterey County,2020-08,1949.768663249493
95032,Santa Clara County,2020-08,3244.955057181912
90291,Los Angeles County,2020-08,3097.2843041622705
93950,Monterey County,2020-08,2211.4939505268426
93906,Monterey County,2020-09,1712.7613911252458
95037,Santa Clara County,2020-09,3002.189974553545
95060,Santa Cruz County,2020-09,2473.9119480331624
95050,Santa Clara County,2020-09,2768.8589004093737
93940,Monterey County,2020-09,1960.872308750376
95032,Santa Clara County,2020-09,3257.5172548378187
90291,Los Angeles County,2020-09,3048.037119404368
93950,Monterey County,2020-09,2263.496473960578
93906,Monterey County,2020-10,1740.6860436223467
95037,Santa Clara County,2020-10,2991.893454663134
95060,Santa Cruz County,2020-10,2488.4401276535436
95050,Santa Clara County,2020-10,2708.957653770099
93940,Monterey County,2020-10,1966.097949305243
95032,Santa Clara County,2020-10,3303.4649603074763
90291,Los Angeles County,2020-10,3023.097354379367
93950,Monterey County,2020-10,2259.365442284413
93906,Monterey County,2020-11,1739.4010121977155
95037,Santa Clara County,2020-11,3000.359305980772
95060,Santa Cruz County,2020-11,2487.1880652965992
95050,Santa Clara County,2020-11,2648.8813191024265
93940,Monterey County,2020-11,1995.8505633389389
95032,Santa Clara County,2020-11,3363.290412615284
90291,Los Angeles County,2020-11,2995.4141712809287
93950,Monterey County,2020-11,2308.470545737705
93906,Monterey County,2020-12,1733.2216513349242
95037,Santa Clara County,2020-12,3015.6538277483332
95060,Santa Cruz County,2020-12,2522.8367149063824
95050,Santa Clara County,2020-12,2604.545839507284
93940,Monterey County,2020-12,2007.717009639136
95032,Santa Clara County,2020-12,3369.358638667459
90291,Los Angeles County,2020-12,3004.7828947072167
93950,Monterey County,2020-12,2282.289945444396
93906,Monterey County,2021-01,1749.6882855580943
95037,Santa Clara County,2021-01,3019.1956511398816
95060,Santa Cruz County,2021-01,2503.719930884469
95050,Santa Clara County,2021-01,2612.0258123613985
93940,Monterey County,2021-01,2003.5826435658823
95032,Santa Clara County,2021-01,3355.585826848035
90291,Los Angeles County,2021-01,3031.0377332341063
93950,Monterey County,2021-01,2301.651961765908
93906,Monterey County,2021-02,1751.3864232964104
95037,Santa Clara County,2021-02,3000.3510185132836
95060,Santa Cruz County,2021-02,2534.6508181561935
95050,Santa Clara County,2021-02,2626.4532395592455
93940,Monterey County,2021-02,1993.9903242317012
95032,Santa Clara County,2021-02,3291.2571329010525
90291,Los Angeles County,2021-02,3046.237236645955
93950,Monterey County,2021-02,2270.4980309749067
93906,Monterey County,2021-03,1775.082369632447
95037,Santa Clara County,2021-03,3003.490146866634
95060,Santa Cruz County,2021-03,2517.8838053940685
95050,Santa Clara County,2021-03,2637.2078639235187
93940,Monterey County,2021-03,1981.7311748718369
95032,Santa Clara County,2021-03,3261.191576069577
90291,Los Angeles County,2021-03,3056.1705721924695
93950,Monterey County,2021-03,2327.7708758960457
93906,Monterey County,2021-04,1785.6443416528862
95037,Santa Clara County,2021-04,3042.2303316027305
95060,Santa Cruz County,2021-04,2578.74556593321
95050,Santa Clara County,2021-04,2664.293298280711
93940,Monterey County,2021-04,1996.4547982447173
95032,Santa Clara County,2021-04,3278.5751948149164
90291,Los Angeles County,2021-04,3055.0983402549614
93950,Monterey County,2021-04,2323.0141198588867
93906,Monterey County,2021-05,1825.802787943053
95037,Santa Clara County,2021-05,3076.006171989073
95060,Santa Cruz County,2021-05,2608.073398607514
95050,Santa Clara County,2021-05,2654.0277996286477
93940,Monterey County,2021-05,2023.6921983396123
95032,Santa Clara County,2021-05,3321.6567713889403
90291,Los Angeles County,2021-05,3064.823520840403
93950,Monterey County,2021-05,2374.242166562801
93906,Monterey County,2021-06,1831.0207105573847
95037,Santa Clara County,2021-06,3108.074555597122
95060,Santa Cruz County,2021-06,2653.8117869860803
95050,Santa Clara County,2021-06,2677.5891662884064
93940,Monterey County,2021-06,2049.1066551347135
95032,Santa Clara County,2021-06,3384.8715672642043
90291,Los Angeles County,2021-06,3076.7053183702815
93950,Monterey County,2021-06,2337.3884649717725
93906,Monterey County,2021-07,1860.7357007063229
95037,Santa Clara County,2021-07,3130.0273076848657
95060,Santa Cruz County,2021-07,2697.678212125995
95050,Santa Clara County,2021-07,2698.558053816685
93940,Monterey County,2021-07,2089.407592740779
95032,Santa Clara County,2021-07,3382.3942299901223
90291,Los Angeles County,2021-07,3090.20121810488
93950,Monterey County,2021-07,2371.1697018780383
93906,Monterey County,2021-08,1875.3307300128704
95037,Santa Clara County,2021-08,3144.2275036761557
95060,Santa Cruz County,2021-08,2817.3823400358156
95050,Santa Clara County,2021-08,2759.1977921100856
93940,Monterey County,2021-08,2124.4195204992884
95032,Santa Clara County,2021-08,3424.6791142096104
90291,Los Angeles County,2021-08,3148.532838240546
93950,Monterey County,2021-08,2397.1882511445924
93906,Monterey County,2021-09,1938.9234306359876
95037,Santa Clara County,2021-09,3170.2792800573034
95060,Santa Cruz County,2021-09,2890.295401691033
95050,Santa Clara County,2021-09,2786.6670184307286
93940,Monterey County,2021-09,2154.0486306460757
95032,Santa Clara County,2021-09,3424.909240342294
90291,Los Angeles County,2021-09,3178.304498926966
93950,Monterey County,2021-09,2452.6059699343837
93906,Monterey County,2021-10,1960.9996193457116
95037,Santa Clara County,2021-10,3235.419242689701
95060,Santa Cruz County,2021-10,2974.173689210667
95050,Santa Clara County,2021-10,2828.77822097296
95062,Santa Cruz County,2021-10,2956.135506995882
93940,Monterey County,2021-10,2159.1991437168435
95032,Santa Clara County,2021-10,3458.4788460497684
90291,Los Angeles County,2021-10,3202.919457205417
93950,Monterey County,2021-10,2477.354685781539
93906,Monterey County,2021-11,1973.87204512628
95037,Santa Clara County,2021-11,3269.6188238233626
95060,Santa Cruz County,2021-11,2946.81359786693
95050,Santa Clara County,2021-11,2801.2096682422653
95062,Santa Cruz County,2021-11,2905.6309761417247
93940,Monterey County,2021-11,2137.371769905698
95032,Santa Clara County,2021-11,3477.6184149283768
90291,Los Angeles County,2021-11,3247.890523806427
93950,Monterey County,2021-11,2482.2123326288192
93906,Monterey County,2021-12,1941.308927960362
95037,Santa Clara County,2021-12,3269.2583357825465
95060,Santa Cruz County,2021-12,2971.686186412622
95050,Santa Clara County,2021-12,2803.233405216571
95062,Santa Cruz County,2021-12,2905.942553877718
93940,Monterey County,2021-12,2134.873356543757
95032,Santa Clara County,2021-12,3481.6661617146647
90291,Los Angeles County,2021-12,3266.037507343871
93950,Monterey County,2021-12,2483.469316838182
93906,Monterey County,2022-01,1957.329953572005
95037,Santa Clara County,2022-01,3232.9067395791194
95060,Santa Cruz County,2022-01,2996.6615692368523
95050,Santa Clara County,2022-01,2813.145110341656
95062,Santa Cruz County,2022-01,2984.313152522572
93940,Monterey County,2022-01,2158.950022240461
95032,Santa Clara County,2022-01,3487.0390019982233
90291,Los Angeles County,2022-01,3301.423196224764
93950,Monterey County,2022-01,2463.336035156213
93906,Monterey County,2022-02,1981.9403903052807
95037,Santa Clara County,2022-02,3260.169622514069
95060,Santa Cruz County,2022-02,2994.6087029529494
95050,Santa Clara County,2022-02,2866.4908564962743
95062,Santa Cruz County,2022-02,3057.101366232049
93940,Monterey County,2022-02,2154.432230826432
95032,Santa Clara County,2022-02,3469.4263768830906
90291,Los Angeles County,2022-02,3303.0611744542493
93950,Monterey County,2022-02,2456.2393050572496
93906,Monterey County,2022-03,2017.2328536480968
95037,Santa Clara County,2022-03,3307.9441785981708
95060,Santa Cruz County,2022-03,3034.5270633719733
95050,Santa Clara County,2022-03,2940.452219493338
95062,Santa Cruz County,2022-03,3053.62490664754
93955,Monterey County,2022-03,2435.9945207399355
93940,Monterey County,2022-03,2163.28220466795
95032,Santa Clara County,2022-03,3504.3230994971514
90291,Los Angeles County,2022-03,3343.298164645598
93950,Monterey County,2022-03,2451.566977841615
93906,Monterey County,2022-04,2025.0322851203616
95037,Santa Clara County,2022-04,3364.3650316713406
95060,Santa Cruz County,2022-04,2995.576238351537
95050,Santa Clara County,2022-04,2964.1219771898272
95062,Santa Cruz County,2022-04,3016.5169447131884
93955,Monterey County,2022-04,2417.901071311887
93940,Monterey County,2022-04,2173.6751730174433
95032,Santa Clara County,2022-04,3590.7429684257054
90291,Los Angeles County,2022-04,3382.745917472209
93950,Monterey County,2022-04,2452.347738271589
93906,Monterey County,2022-05,2031.0806673281515
95037,Santa Clara County,2022-05,3367.2510121362725
95060,Santa Cruz County,2022-05,3053.175502862787
95050,Santa Clara County,2022-05,3002.294566585826
95062,Santa Cruz County,2022-05,3105.085612090006
93940,Monterey County,2022-05,2232.422288769307
95032,Santa Clara County,2022-05,3677.7145637288354
90291,Los Angeles County,2022-05,3471.1605293886832
93933,Monterey County,2022-05,2611.501159846999
93950,Monterey County,2022-05,2491.827587156524
93906,Monterey County,2022-06,2054.317845269617
95037,Santa Clara County,2022-06,3384.1245815833763
95060,Santa Cruz County,2022-06,3070.001888606801
95050,Santa Clara County,2022-06,3004.916374748057
95062,Santa Cruz County,2022-06,3132.580881480156
93955,Monterey County,2022-06,2499.1005548838257
93940,Monterey County,2022-06,2269.9593683767625
95032,Santa Clara County,2022-06,3719.004973888061
90291,Los Angeles County,2022-06,3520.830105413481
93933,Monterey County,2022-06,2630.563550998123
93950,Monterey County,2022-06,2531.4451918657815
93906,Monterey County,2022-07,2054.4535187098445
95037,Santa Clara County,2022-07,3344.03742779217
95060,Santa Cruz County,2022-07,3164.1676840527302
95050,Santa Clara County,2022-07,3050.616978021049
95062,Santa Cruz County,2022-07,3189.7779819443317
93955,Monterey County,2022-07,2498.0552605228904
93940,Monterey County,2022-07,2292.633842350257
95032,Santa Clara County,2022-07,3715.083075454045
90291,Los Angeles County,2022-07,3554.804528197305
93933,Monterey County,2022-07,2580.4798479568303
93950,Monterey County,2022-07,2594.5957498877533
93906,Monterey County,2022-08,2056.2463953031074
95037,Santa Clara County,2022-08,3351.524086570185
95060,Santa Cruz County,2022-08,3239.4896498268554
95050,Santa Clara County,2022-08,3075.7200804610793
95062,Santa Cruz County,2022-08,3183.5429397941393
93955,Monterey County,2022-08,2426.007558205825
93940,Monterey County,2022-08,2297.347483291737
95032,Santa Clara County,2022-08,3724.946825740446
93901,Monterey County,2022-08,1858.7971721708209
90291,Los Angeles County,2022-08,3528.163132852291
93933,Monterey County,2022-08,2612.0235342525593
93950,Monterey County,2022-08,2596.493766249788
93906,Monterey County,2022-09,2026.738112784432
95037,Santa Clara County,2022-09,3325.286260361436
95060,Santa Cruz County,2022-09,3304.856135360091
95050,Santa Clara County,2022-09,3084.3113290231768
95062,Santa Cruz County,2022-09,3182.44499849232
93955,Monterey County,2022-09,2503.1318633658316
93940,Monterey County,2022-09,2316.0995061649687
95032,Santa Clara County,2022-09,3751.054379017511
93901,Monterey County,2022-09,1918.3984582338533
90291,Los Angeles County,2022-09,3527.579045088706
93933,Monterey County,2022-09,2593.4348257644274
93950,Monterey County,2022-09,2615.126213834784
93906,Monterey County,2022-10,2004.885725612474
95037,Santa Clara County,2022-10,3343.947612862817
95060,Santa Cruz County,2022-10,3250.143931064487
95050,Santa Clara County,2022-10,3066.0061416618796
95062,Santa Cruz County,2022-10,3225.999567461478
93955,Monterey County,2022-10,2516.5956062466757
93940,Monterey County,2022-10,2338.187244345125
95032,Santa Clara County,2022-10,3746.7159044380023
93901,Monterey County,2022-10,1936.3835083014187
90291,Los Angeles County,2022-10,3514.6827459290994
93933,Monterey County,2022-10,2619.818157684598
93950,Monterey County,2022-10,2598.7195835803104
93906,Monterey County,2022-11,1973.3602389737184
95037,Santa Clara County,2022-11,3321.7202648568577
95060,Santa Cruz County,2022-11,3195.088764377602
95050,Santa Clara County,2022-11,3047.9359079590836
95062,Santa Cruz County,2022-11,3224.337854389414
93955,Monterey County,2022-11,2617.311902041761
93940,Monterey County,2022-11,2337.8581603001867
95032,Santa Clara County,2022-11,3776.8254048721656
93901,Monterey County,2022-11,1958.5023054009944
90291,Los Angeles County,2022-11,3511.537655066049
93933,Monterey County,2022-11,2618.645500381821
93950,Monterey County,2022-11,2611.260044654705
93906,Monterey County,2022-12,1964.3173529081364
95037,Santa Clara County,2022-12,3293.6072020044085
95060,Santa Cruz County,2022-12,3095.2439713841604
95050,Santa Clara County,2022-12,3035.9265712034494
95062,Santa Cruz County,2022-12,3257.666486845715
93955,Monterey County,2022-12,2562.8962661338655
93940,Monterey County,2022-12,2343.7735883152077
95032,Santa Clara County,2022-12,3748.740677089898
93901,Monterey County,2022-12,1969.5763632884975
90291,Los Angeles County,2022-12,3496.7500612121344
93933,Monterey County,2022-12,2666.0848996461305
93950,Monterey County,2022-12,2671.7945197629324
93906,Monterey County,2023-01,1973.4423441100244
95037,Santa Clara County,2023-01,3273.1757895563974
95060,Santa Cruz County,2023-01,3133.791121890091
95050,Santa Clara County,2023-01,3026.2009747243737
95062,Santa Cruz County,2023-01,3180.9403073953154
93955,Monterey County,2023-01,2596.5016829771794
93940,Monterey County,2023-01,2337.012904196162
95032,Santa Clara County,2023-01,3766.4459850402586
93901,Monterey County,2023-01,1978.5739802912144
90291,Los Angeles County,2023-01,3502.9656577071837
93933,Monterey County,2023-01,2655.851532454273
93950,Monterey County,2023-01,2720.6832313568943
93906,Monterey County,2023-02,2016.4619176753151
95037,Santa Clara County,2023-02,3315.2449597883547
95060,Santa Cruz County,2023-02,3115.4908351048484
95050,Santa Clara County,2023-02,3028.9489380148643
95062,Santa Cruz County,2023-02,3206.086506435767
93955,Monterey County,2023-02,2574.891208024921
93940,Monterey County,2023-02,2357.2516541551813
95032,Santa Clara County,2023-02,3710.042260870862
93901,Monterey County,2023-02,1982.469474463175
90291,Los Angeles County,2023-02,3500.2076497863472
93933,Monterey County,2023-02,2701.622855946534
93950,Monterey County,2023-02,2751.91769209667
93906,Monterey County,2023-03,2012.8694396465312
95037,Santa Clara County,2023-03,3386.946284328172
95060,Santa Cruz County,2023-03,3189.6948501546294
95050,Santa Clara County,2023-03,3042.369306210788
95062,Santa Cruz County,2023-03,3216.4164092933856
93955,Monterey County,2023-03,2590.4287179214343
93940,Monterey County,2023-03,2355.7590137504462
95032,Santa Clara County,2023-03,3766.071726388309
93901,Monterey County,2023-03,1970.990413714899
90291,Los Angeles County,2023-03,3510.504774789284
93933,Monterey County,2023-03,2679.902314341539
93950,Monterey County,2023-03,2679.372814987425
93906,Monterey County,2023-04,1983.6971397948416
95037,Santa Clara County,2023-04,3411.268279984763
95060,Santa Cruz County,2023-04,3191.171821197106
95050,Santa Clara County,2023-04,3049.574898230081
95062,Santa Cruz County,2023-04,3271.2957428899617
93955,Monterey County,2023-04,2597.4525099415623
93940,Monterey County,2023-04,2369.979403100578
95032,Santa Clara County,2023-04,3830.62106593512
93901,Monterey County,2023-04,2005.6775308216663
90291,Los Angeles County,2023-04,3544.8783944840247
95003,Santa Cruz County,2023-04,3312.835758506759
93933,Monterey County,2023-04,2718.206676897065
93950,Monterey County,2023-04,2658.538361357641
95076,Santa Cruz County,2023-05,2884.566584057856
93906,Monterey County,2023-05,1971.1281191729677
95037,Santa Clara County,2023-05,3435.834200708008
95060,Santa Cruz County,2023-05,3277.825159953366
95050,Santa Clara County,2023-05,3071.090686996052
95062,Santa Cruz County,2023-05,3283.4806980013345
93955,Monterey County,2023-05,2613.9055277229822
93940,Monterey County,2023-05,2379.732191169114
95032,Santa Clara County,2023-05,3866.8889760586103
93901,Monterey County,2023-05,2038.448031645864
90291,Los Angeles County,2023-05,3555.0392800921613
95003,Santa Cruz County,2023-05,3351.168565460055
93933,Monterey County,2023-05,2711.3543868051356
93950,Monterey County,2023-05,2658.363843743686
95076,Santa Cruz County,2023-06,2876.913107724006
93906,Monterey County,2023-06,1995.313534709416
95037,Santa Clara County,2023-06,3440.377176391155
95060,Santa Cruz County,2023-06,3315.7733048818955
95050,Santa Clara County,2023-06,3102.140648343898
95062,Santa Cruz County,2023-06,3295.041200111923
93955,Monterey County,2023-06,2624.985841840631
93940,Monterey County,2023-06,2398.7091865127486
95032,Santa Clara County,2023-06,3873.6329466143193
93901,Monterey County,2023-06,2059.1220244106735
90291,Los Angeles County,2023-06,3581.625233051313
95003,Santa Cruz County,2023-06,3308.1201931490837
93933,Monterey County,2023-06,2776.650772034233
93950,Monterey County,2023-06,2681.289498526058
95076,Santa Cruz County,2023-07,2881.478013086534
93906,Monterey County,2023-07,2057.6700322330184
95037,Santa Clara County,2023-07,3489.515935227326
95060,Santa Cruz County,2023-07,3390.049106768313
95050,Santa Clara County,2023-07,3145.022119803156
95062,Santa Cruz County,2023-07,3283.050088530401
93955,Monterey County,2023-07,2627.9813006610725
93940,Monterey County,2023-07,2408.2056472422287
95032,Santa Clara County,2023-07,3847.407268773901
93901,Monterey County,2023-07,2072.083740785358
90291,Los Angeles County,2023-07,3591.591733585249
95003,Santa Cruz County,2023-07,3338.134241277738
93933,Monterey County,2023-07,2777.479617992257
93950,Monterey County,2023-07,2714.617218443488
95076,Santa Cruz County,2023-08,2876.474301159918
93906,Monterey County,2023-08,2063.126401002935
95037,Santa Clara County,2023-08,3495.1242611299945
95060,Santa Cruz County,2023-08,3402.3776314274764
95050,Santa Clara County,2023-08,3172.0262923810124
95062,Santa Cruz County,2023-08,3310.6250842554728
93955,Monterey County,2023-08,2676.130496740771
93940,Monterey County,2023-08,2417.226636770651
95032,Santa Clara County,2023-08,3887.6816064682425
93901,Monterey County,2023-08,2038.1258874548685
90291,Los Angeles County,2023-08,3590.280714214468
95003,Santa Cruz County,2023-08,3357.9074062753416
93933,Monterey County,2023-08,2756.894222680655
93950,Monterey County,2023-08,2711.345567783549
95076,Santa Cruz County,2023-09,2886.8291628862235
93906,Monterey County,2023-09,2079.776882635953
95037,Santa Clara County,2023-09,3496.8307656736283
95060,Santa Cruz County,2023-09,3359.495859558548
95050,Santa Clara County,2023-09,3163.13428142275
95062,Santa Cruz County,2023-09,3257.152628180566
93955,Monterey County,2023-09,2725.20371746779
93940,Monterey County,2023-09,2400.3574467164044
95032,Santa Clara County,2023-09,3918.624068129536
93901,Monterey County,2023-09,2038.8397332413776
90291,Los Angeles County,2023-09,3609.1501337804616
95003,Santa Cruz County,2023-09,3432.1531695141916
93933,Monterey County,2023-09,2715.529746424438
93950,Monterey County,2023-09,2732.1918950304716
95076,Santa Cruz County,2023-10,2883.6626454420543
93906,Monterey County,2023-10,2074.1888737510258
95037,Santa Clara County,2023-10,3516.81220795782
95060,Santa Cruz County,2023-10,3256.6354949592583
95050,Santa Clara County,2023-10,3137.2678566325235
95062,Santa Cruz County,2023-10,3263.127378135059
93955,Monterey County,2023-10,2745.0370238215164
93940,Monterey County,2023-10,2420.4104575705055
95032,Santa Clara County,2023-10,3885.5928044305697
93901,Monterey County,2023-10,2031.2286087227403
90291,Los Angeles County,2023-10,3569.743906660792
95003,Santa Cruz County,2023-10,3473.5685553848575
93933,Monterey County,2023-10,2698.305895549216
93950,Monterey County,2023-10,2691.8045790640967
95076,Santa Cruz County,2023-11,2840.6187014527295
93906,Monterey County,2023-11,2098.0535500447218
95037,Santa Clara County,2023-11,3500.5803382932036
95060,Santa Cruz County,2023-11,3202.485334356269
95050,Santa Clara County,2023-11,3087.6269732713436
95062,Santa Cruz County,2023-11,3233.3108783588686
93955,Monterey County,2023-11,2769.4144244075683
93940,Monterey County,2023-11,2406.3619605592985
95032,Santa Clara County,2023-11,3838.1226560518144
93901,Monterey County,2023-11,2085.47424884371
90291,Los Angeles County,2023-11,3571.1987926924535
95003,Santa Cruz County,2023-11,3452.322194062161
93933,Monterey County,2023-11,2680.7347306410443
93950,Monterey County,2023-11,2696.684166964092
95076,Santa Cruz County,2023-12,2877.061431254289
93906,Monterey County,2023-12,2091.3022190506567
95037,Santa Clara County,2023-12,3501.8392620510344
95060,Santa Cruz County,2023-12,3181.736587471523
95050,Santa Clara County,2023-12,3067.0520713712503
95062,Santa Cruz County,2023-12,3279.3979518721585
93955,Monterey County,2023-12,2752.5993559292124
93940,Monterey County,2023-12,2404.5792208808552
95032,Santa Clara County,2023-12,3767.283184867706
93901,Monterey County,2023-12,2051.5261235835533
90291,Los Angeles County,2023-12,3554.4595086138825
95003,Santa Cruz County,2023-12,3427.580252180735
93933,Monterey County,2023-12,2684.566741300772
93950,Monterey County,2023-12,2687.783175234837
95076,Santa Cruz County,2024-01,2871.618251803625
93906,Monterey County,2024-01,2097.6561249465603
95037,Santa Clara County,2024-01,3507.2570368394745
95060,Santa Cruz County,2024-01,3210.2942219152856
95050,Santa Clara County,2024-01,3062.6961981095537
95062,Santa Cruz County,2024-01,3267.9375868859406
93955,Monterey County,2024-01,2762.752152174697
93940,Monterey County,2024-01,2383.3441423761315
95032,Santa Clara County,2024-01,3741.6235552204266
93901,Monterey County,2024-01,2043.6531162531712
90291,Los Angeles County,2024-01,3580.1895435632623
95003,Santa Cruz County,2024-01,3439.596542908032
93933,Monterey County,2024-01,2679.9125625937672
93950,Monterey County,2024-01,2719.4374959751294
95076,Santa Cruz County,2024-02,2866.1256043511007
93906,Monterey County,2024-02,2110.754894172293
95037,Santa Clara County,2024-02,3495.3001832013406
95060,Santa Cruz County,2024-02,3250.6367762370887
95050,Santa Clara County,2024-02,3112.453134079122
95062,Santa Cruz County,2024-02,3271.8506032945393
93955,Monterey County,2024-02,2731.941009294265
93940,Monterey County,2024-02,2418.562613071003
95032,Santa Clara County,2024-02,3748.2574818779167
93901,Monterey County,2024-02,2074.6592805491855
90291,Los Angeles County,2024-02,3598.4026149613187
95003,Santa Cruz County,2024-02,3377.1735726373804
93933,Monterey County,2024-02,2754.6151264728555
93950,Monterey County,2024-02,2744.0368016927987
95030,Santa Clara County,2024-02,3679.2553035814894
95076,Santa Cruz County,2024-03,2882.848771028735
93906,Monterey County,2024-03,2140.534328088332
95037,Santa Clara County,2024-03,3562.7030052330297
95060,Santa Cruz County,2024-03,3295.0387757845892
95050,Santa Clara County,2024-03,3150.815867682982
95062,Santa Cruz County,2024-03,3304.520252015206
93955,Monterey County,2024-03,2723.223137303
93940,Monterey County,2024-03,2441.0009751750613
95032,Santa Clara County,2024-03,3778.610893098941
93901,Monterey County,2024-03,2110.9851199354985
90291,Los Angeles County,2024-03,3635.2954633895006
95003,Santa Cruz County,2024-03,3476.753166840438
93933,Monterey County,2024-03,2814.0493177480944
93950,Monterey County,2024-03,2737.883096041036
95030,Santa Clara County,2024-03,3786.015217369492
95010,Santa Cruz County,2024-03,2873.8310696579215
95076,Santa Cruz County,2024-04,2960.2911386853516
93906,Monterey County,2024-04,2150.142801307271
95037,Santa Clara County,2024-04,3558.6083215166177
95060,Santa Cruz County,2024-04,3342.768076756541
95050,Santa Clara County,2024-04,3180.911731191659
95062,Santa Cruz County,2024-04,3322.222319979449
93955,Monterey County,2024-04,2718.4515085872667
93940,Monterey County,2024-04,2452.777068061092
95032,Santa Clara County,2024-04,3814.404581969285
93901,Monterey County,2024-04,2127.169607784742
90291,Los Angeles County,2024-04,3649.358807685909
95003,Santa Cruz County,2024-04,3490.311512649664
93933,Monterey County,2024-04,2840.459618138484
93950,Monterey County,2024-04,2744.079302753106
95030,Santa Clara County,2024-04,3835.290231094841
95010,Santa Cruz County,2024-04,2896.4217689140173
95076,Santa Cruz County,2024-05,2982.4605373892937
93906,Monterey County,2024-05,2133.7911216576817
95037,Santa Clara County,2024-05,3637.8760211515582
95060,Santa Cruz County,2024-05,3360.9305579178713
95050,Santa Clara County,2024-05,3212.8139901821287
95062,Santa Cruz County,2024-05,3369.456267891207
93955,Monterey County,2024-05,2748.091325806108
93940,Monterey County,2024-05,2448.483800279666
95032,Santa Clara County,2024-05,3840.7659356479935
93901,Monterey County,2024-05,2092.317251905861
90291,Los Angeles County,2024-05,3639.204506865218
95003,Santa Cruz County,2024-05,3573.4033000063364
93933,Monterey County,2024-05,2841.8824064522105
93950,Monterey County,2024-05,2738.1309761715147
95030,Santa Clara County,2024-05,3968.9337897800824
95010,Santa Cruz County,2024-05,2931.8165700509994
95076,Santa Cruz County,2024-06,2977.7695009327103
93906,Monterey County,2024-06,2102.594708801619
95037,Santa Clara County,2024-06,3597.848038935576
95060,Santa Cruz County,2024-06,3406.085195446879
95050,Santa Clara County,2024-06,3257.235413525046
95062,Santa Cruz County,2024-06,3375.671110567924
93955,Monterey County,2024-06,2706.3215173158274
93940,Monterey County,2024-06,2467.17744934279
95032,Santa Clara County,2024-06,3891.663158336439
93901,Monterey County,2024-06,2097.998327952405
90291,Los Angeles County,2024-06,3614.7863422502014
95003,Santa Cruz County,2024-06,3505.119190844279
93933,Monterey County,2024-06,2857.003056333282
93950,Monterey County,2024-06,2767.556992197859
95030,Santa Clara County,2024-06,3990.3381253751054
95010,Santa Cruz County,2024-06,2991.504252084172
95076,Santa Cruz County,2024-07,2914.0494239073832
93906,Monterey County,2024-07,2101.909964921088
95037,Santa Clara County,2024-07,3617.541473835946
95060,Santa Cruz County,2024-07,3428.424649815985
95050,Santa Clara County,2024-07,3287.482250693642
95062,Santa Cruz County,2024-07,3411.1172421393685
93955,Monterey County,2024-07,2751.8043212621233
93940,Monterey County,2024-07,2491.858548659234
95032,Santa Clara County,2024-07,3958.69392696526
93901,Monterey County,2024-07,2126.1365414977695
90291,Los Angeles County,2024-07,3618.72258148803
95003,Santa Cruz County,2024-07,3436.9988464275734
93933,Monterey County,2024-07,2860.247025283047
93950,Monterey County,2024-07,2799.10245661664
95030,Santa Clara County,2024-07,4098.466551907479
95010,Santa Cruz County,2024-07,3043.248614577637
95076,Santa Cruz County,2024-08,2981.0049070747746
93906,Monterey County,2024-08,2101.862796541464
95037,Santa Clara County,2024-08,3573.5219814012567
95060,Santa Cruz County,2024-08,3439.279981660791
95050,Santa Clara County,2024-08,3313.4580342471786
95062,Santa Cruz County,2024-08,3430.7575756767415
93955,Monterey County,2024-08,2805.86609470152
93940,Monterey County,2024-08,2511.112019679867
95032,Santa Clara County,2024-08,3998.639957527193
93901,Monterey County,2024-08,2144.2533072535884
90291,Los Angeles County,2024-08,3618.133358699894
95003,Santa Cruz County,2024-08,3448.2267710418596
93933,Monterey County,2024-08,2881.206588602454
93950,Monterey County,2024-08,2813.6691441848534
95030,Santa Clara County,2024-08,4056.5245522841474
95010,Santa Cruz County,2024-08,3039.3045945239396
95076,Santa Cruz County,2024-09,3008.1424530537515
93906,Monterey County,2024-09,2124.1494525701382
95037,Santa Clara County,2024-09,3557.459764842064
95060,Santa Cruz County,2024-09,3433.379750589361
95050,Santa Clara County,2024-09,3314.327360302962
95062,Santa Cruz County,2024-09,3400.031322897536
93955,Monterey County,2024-09,2939.620326004588
93940,Monterey County,2024-09,2535.8338788169676
95032,Santa Clara County,2024-09,3971.357706693873
93901,Monterey County,2024-09,2141.2451777389065
90291,Los Angeles County,2024-09,3640.2416177423815
95003,Santa Cruz County,2024-09,3525.6369666731553
93933,Monterey County,2024-09,2829.044950536864
93950,Monterey County,2024-09,2809.821347503869
95030,Santa Clara County,2024-09,4117.19198805885
95010,Santa Cruz County,2024-09,3092.5261732850468
95076,Santa Cruz County,2024-10,3008.0491538933143
93906,Monterey County,2024-10,2159.653529875586
95037,Santa Clara County,2024-10,3549.173061663368
95060,Santa Cruz County,2024-10,3342.4858375344147
95050,Santa Clara County,2024-10,3331.993812070138
95062,Santa Cruz County,2024-10,3375.938231971393
93955,Monterey County,2024-10,2945.3178940779258
93940,Monterey County,2024-10,2547.697820524753
95032,Santa Clara County,2024-10,3882.9654430499927
93901,Monterey County,2024-10,2111.5863504180757
90291,Los Angeles County,2024-10,3616.603786411678
95003,Santa Cruz County,2024-10,3579.279669290569
93933,Monterey County,2024-10,2864.9771886067615
93950,Monterey County,2024-10,2793.9385509059734
95030,Santa Clara County,2024-10,3944.2463194837783
95010,Santa Cruz County,2024-10,3032.64213224966
95076,Santa Cruz County,2024-11,2979.105802829476
93906,Monterey County,2024-11,2218.4015241951965
95037,Santa Clara County,2024-11,3583.1482261998212
95060,Santa Cruz County,2024-11,3297.6609818703137
95050,Santa Clara County,2024-11,3296.56560542363
95062,Santa Cruz County,2024-11,3357.110853861582
93955,Monterey County,2024-11,2903.1374513363
93940,Monterey County,2024-11,2544.715501159478
95032,Santa Clara County,2024-11,3814.1727419337344
93901,Monterey County,2024-11,2136.2628866068203
90291,Los Angeles County,2024-11,3644.572540912047
95003,Santa Cruz County,2024-11,3648.5482568198167
93933,Monterey County,2024-11,2892.2505633221367
93950,Monterey County,2024-11,2812.600177737395
95030,Santa Clara County,2024-11,3941.061573972542
95010,Santa Cruz County,2024-11,3059.018017982593
95076,Santa Cruz County,2024-12,2988.2719250228083
93906,Monterey County,2024-12,2274.2851880998464
95037,Santa Clara County,2024-12,3600.5527770158683
95060,Santa Cruz County,2024-12,3241.1293957013704
95050,Santa Clara County,2024-12,3260.053045016295
95062,Santa Cruz County,2024-12,3383.581687778375
93955,Monterey County,2024-12,2823.329112837803
93940,Monterey County,2024-12,2539.874986766966
95032,Santa Clara County,2024-12,3850.920987561034
93901,Monterey County,2024-12,2190.9263778586155
90291,Los Angeles County,2024-12,3629.0973163203375
95003,Santa Cruz County,2024-12,3635.4905739033793
93933,Monterey County,2024-12,2965.60902430207
93950,Monterey County,2024-12,2804.7429838272724
95030,Santa Clara County,2024-12,3942.533450325653
95010,Santa Cruz County,2024-12,3031.95281574741
95076,Santa Cruz County,2025-01,2961.6922758831493
93906,Monterey County,2025-01,2286.4282485648914
95037,Santa Clara County,2025-01,3583.0389832320993
95060,Santa Cruz County,2025-01,3331.1252973701926
95050,Santa Clara County,2025-01,3225.8620916395244
95062,Santa Cruz County,2025-01,3454.7438963459163
93955,Monterey County,2025-01,2835.6299244453517
93940,Monterey County,2025-01,2579.789680167809
95032,Santa Clara County,2025-01,3955.009895217648
93901,Monterey County,2025-01,2215.6040550961975
90291,Los Angeles County,2025-01,3731.2003320175654
95003,Santa Cruz County,2025-01,3674.008025286873
93933,Monterey County,2025-01,2990.190049169145
93950,Monterey County,2025-01,2823.550804568405
95030,Santa Clara County,2025-01,4041.7612217706737
95010,Santa Cruz County,2025-01,3061.003110797295
95076,Santa Cruz County,2025-02,2948.8007495365
93906,Monterey County,2025-02,2269.77545844472
95037,Santa Clara County,2025-02,3576.922033734156
95060,Santa Cruz County,2025-02,3364.9508297987054
95050,Santa Clara County,2025-02,3217.2725870649683
95062,Santa Cruz County,2025-02,3467.936099237648
93955,Monterey County,2025-02,2835.5132714394645
93940,Monterey County,2025-02,2602.423303543598
95032,Santa Clara County,2025-02,4073.1718892683575
93901,Monterey County,2025-02,2229.91341583975
90291,Los Angeles County,2025-02,3802.211047127681
95003,Santa Cruz County,2025-02,3640.773926603813
93933,Monterey County,2025-02,2995.2087769428745
93950,Monterey County,2025-02,2815.31681926172
95030,Santa Clara County,2025-02,4120.48434454559
95010,Santa Cruz County,2025-02,3068.5424845219973
95076,Santa Cruz County,2025-03,2916.549896845956
93906,Monterey County,2025-03,2268.7080121830313
95037,Santa Clara County,2025-03,3606.276040169512
95060,Santa Cruz County,2025-03,3391.3114184106635
95050,Santa Clara County,2025-03,3242.1871212273495
95062,Santa Cruz County,2025-03,3481.587968697485
93955,Monterey County,2025-03,2875.6645090642883
93940,Monterey County,2025-03,2620.45933712182
95032,Santa Clara County,2025-03,4129.4073173398665
93901,Monterey County,2025-03,2252.43408764214
90291,Los Angeles County,2025-03,3866.644713484552
95003,Santa Cruz County,2025-03,3661.020927887317
93933,Monterey County,2025-03,2992.1218717149072
93950,Monterey County,2025-03,2862.9096644783185
95030,Santa Clara County,2025-03,4246.0072340049355
95010,Santa Cruz County,2025-03,3025.188219810649
95076,Santa Cruz County,2025-04,2955.383317605125
93906,Monterey County,2025-04,2267.262892293483
95037,Santa Clara County,2025-04,3614.406439482303
95060,Santa Cruz County,2025-04,3400.789611446589
95050,Santa Clara County,2025-04,3260.413141617893
95062,Santa Cruz County,2025-04,3437.2182154713587
93955,Monterey County,2025-04,2868.232805213097
93940,Monterey County,2025-04,2604.298821054376
95032,Santa Clara County,2025-04,4172.426481294022
93901,Monterey County,2025-04,2267.892039044309
90291,Los Angeles County,2025-04,3862.6485816201066
95003,Santa Cruz County,2025-04,3691.052119227472
93933,Monterey County,2025-04,3016.8656786123975
93950,Monterey County,2025-04,2898.081535387465
95030,Santa Clara County,2025-04,4285.351100401357
95010,Santa Cruz County,2025-04,3056.5921356383665
95076,Santa Cruz County,2025-05,2984.857159811562
93906,Monterey County,2025-05,2264.559075282788
95037,Santa Clara County,2025-05,3685.9067445525097
95060,Santa Cruz County,2025-05,3449.814659256419
95050,Santa Clara County,2025-05,3298.0083397287212
95062,Santa Cruz County,2025-05,3414.2706455345046
93955,Monterey County,2025-05,2913.078983959394
93940,Monterey County,2025-05,2617.391100093123
95032,Santa Clara County,2025-05,4167.372969360215
93901,Monterey County,2025-05,2272.2138944148246
90291,Los Angeles County,2025-05,3883.736244691332
95003,Santa Cruz County,2025-05,3654.162965356803
93933,Monterey County,2025-05,3016.8396300923005
93950,Monterey County,2025-05,2904.217064982432
95030,Santa Clara County,2025-05,4412.170337651355
95010,Santa Cruz County,2025-05,3103.795319460736
95076,Santa Cruz County,2025-06,3040.168551833539
93906,Monterey County,2025-06,2222.9511765799757
95037,Santa Clara County,2025-06,3686.652904243977
95060,Santa Cruz County,2025-06,3483.0292123103923
95050,Santa Clara County,2025-06,3311.6305572962565
95062,Santa Cruz County,2025-06,3436.00703666603
93955,Monterey County,2025-06,2928.916530105715
93940,Monterey County,2025-06,2623.4586633929052
95032,Santa Clara County,2025-06,4132.563392060479
93901,Monterey County,2025-06,2256.5212774569577
90291,Los Angeles County,2025-06,3892.762246378365
95003,Santa Cruz County,2025-06,3622.211556715127
93933,Monterey County,2025-06,3041.6979408520233
93950,Monterey County,2025-06,2892.469239701849
95030,Santa Clara County,2025-06,4372.552448909868
95010,Santa Cruz County,2025-06,3169.354476125439
95076,Santa Cruz County,2025-07,3027.60744273875
93906,Monterey County,2025-07,2209.3743076424253
95037,Santa Clara County,2025-07,3725.612282506958
95060,Santa Cruz County,2025-07,3485.1119572815123
95050,Santa Clara County,2025-07,3338.321557910295
95062,Santa Cruz County,2025-07,3436.9340205759036
93955,Monterey County,2025-07,2932.7691270495066
93940,Monterey County,2025-07,2621.4870705273383
95032,Santa Clara County,2025-07,4159.7588936416105
93901,Monterey County,2025-07,2291.637649113479
90291,Los Angeles County,2025-07,3883.3292100448466
95003,Santa Cruz County,2025-07,3590.6977845992983
93933,Monterey County,2025-07,3038.2934745929997
93950,Monterey County,2025-07,2864.8153010218393
95030,Santa Clara County,2025-07,4382.477885700275
95010,Santa Cruz County,2025-07,3149.2677804935533
95076,Santa Cruz County,2025-08,3021.8675882524103
93906,Monterey County,2025-08,2229.594622276453
95037,Santa Clara County,2025-08,3652.912780766964
95060,Santa Cruz County,2025-08,3451.1579994086915
95050,Santa Clara County,2025-08,3363.692818681499
95062,Santa Cruz County,2025-08,3458.0939036074124
93955,Monterey County,2025-08,2929.002241889112
93940,Monterey County,2025-08,2623.6833586629305
95032,Santa Clara County,2025-08,4224.826183834834
93901,Monterey County,2025-08,2267.8360094178547
90291,Los Angeles County,2025-08,3815.049359226056
95003,Santa Cruz County,2025-08,3655.9319191570494
93933,Monterey County,2025-08,3041.9973776864185
93950,Monterey County,2025-08,2857.2944012042203
95030,Santa Clara County,2025-08,4303.923462558244
95010,Santa Cruz County,2025-08,3153.048917785271
95076,Santa Cruz County,2025-09,3001.371050886462
93906,Monterey County,2025-09,2241.6105155099776
95037,Santa Clara County,2025-09,3698.452701818633
95060,Santa Cruz County,2025-09,3405.521850772307
95050,Santa Clara County,2025-09,3395.7120206904733
95062,Santa Cruz County,2025-09,3454.08485201209
93955,Monterey County,2025-09,2982.405489115083
93940,Monterey County,2025-09,2613.1364474914485
95032,Santa Clara County,2025-09,4243.552369162544
93901,Monterey County,2025-09,2277.556129016407
90291,Los Angeles County,2025-09,3825.686677502352
95003,Santa Cruz County,2025-09,3615.542294440504
93933,Monterey County,2025-09,3042.0255098720863
93950,Monterey County,2025-09,2882.793123852645
95030,Santa Clara County,2025-09,4218.706403582609
95010,Santa Cruz County,2025-09,3172.7715200517355
95076,Santa Cruz County,2025-10,3060.328100411869
93906,Monterey County,2025-10,2224.8790463443283
95037,Santa Clara County,2025-10,3702.3006143245134
95060,Santa Cruz County,2025-10,3313.6289861446835
95050,Santa Clara County,2025-10,3436.3847098213655
95062,Santa Cruz County,2025-10,3483.706444289654
93955,Monterey County,2025-10,3016.2696776953862
93940,Monterey County,2025-10,2631.5558830169207
95032,Santa Clara County,2025-10,4147.2346764363465
93901,Monterey County,2025-10,2257.3710769509366
90291,Los Angeles County,2025-10,3805.320097554086
95003,Santa Cruz County,2025-10,3797.757636650064
93907,Monterey County,2025-10,2432.098583969588
93933,Monterey County,2025-10,3037.1010166532405
93950,Monterey County,2025-10,2891.4350983895006
95030,Santa Clara County,2025-10,4179.263493546605
95010,Santa Cruz County,2025-10,3185.53388202736
95076,Santa Cruz County,2025-11,3027.2899246855177
93906,Monterey County,2025-11,2212.946945923595
95037,Santa Clara County,2025-11,3732.725556777068
95060,Santa Cruz County,2025-11,3337.952970694455
95050,Santa Clara County,2025-11,3458.4612326183783
95062,Santa Cruz County,2025-11,3466.008242636848
93955,Monterey County,2025-11,2962.3537569265677
93940,Monterey County,2025-11,2649.6991169723865
95032,Santa Clara County,2025-11,4022.0865303981936
93901,Monterey County,2025-11,2232.8655347481335
90291,Los Angeles County,2025-11,3826.4466314672177
95003,Santa Cruz County,2025-11,3815.524754708726
93907,Monterey County,2025-11,2661.3653899633387
93933,Monterey County,2025-11,3074.522408365527
93950,Monterey County,2025-11,2894.3685314643626
95030,Santa Clara County,2025-11,4158.097319357054
95010,Santa Cruz County,2025-11,3103.348559643201
95076,Santa Cruz County,2025-12,3047.569501385821
93906,Monterey County,2025-12,2211.323340976604
95037,Santa Clara County,2025-12,3666.940133620668
95060,Santa Cruz County,2025-12,3377.5750038958404
95050,Santa Clara County,2025-12,3519.762258727824
95120,Santa Clara County,2025-12,4969.9415267155855
95062,Santa Cruz County,2025-12,3453.2089355810463
93955,Monterey County,2025-12,2921.751110927219
93940,Monterey County,2025-12,2658.6771788517212
95032,Santa Clara County,2025-12,4006.760522778389
93901,Monterey County,2025-12,2243.031212916317
90291,Los Angeles County,2025-12,3774.2751357426914
95003,Santa Cruz County,2025-12,3958.091685816296
93907,Monterey County,2025-12,2752.5126308477547
93933,Monterey County,2025-12,3023.079792101173
93950,Monterey County,2025-12,2893.1810833533286
93923,Monterey County,2025-12,4095.636478920074
95030,Santa Clara County,2025-12,4124.613395582544
95010,Santa Cruz County,2025-12,3096.8800971963524
95076,Santa Cruz County,2026-01,3022.507386576407
93906,Monterey County,2026-01,2268.8632041287656
95037,Santa Clara County,2026-01,3722.6391864805114
95060,Santa Cruz County,2026-01,3467.1122855659164
95050,Santa Clara County,2026-01,3517.4793925704403
95120,Santa Clara County,2026-01,5027.693910589946
95062,Santa Cruz County,2026-01,3453.1131693835637
93955,Monterey County,2026-01,2858.689451710154
93940,Monterey County,2026-01,2633.6631717380424
95032,Santa Clara County,2026-01,4090.328651031922
93901,Monterey County,2026-01,2243.419891250702
90291,Los Angeles County,2026-01,3827.2413407808513
95003,Santa Cruz County,2026-01,3762.39505457775
93907,Monterey County,2026-01,2748.8804544240656
93933,Monterey County,2026-01,3061.7241553647987
93950,Monterey County,2026-01,2931.9834239896563
93923,Monterey County,2026-01,4112.72707085765
95030,Santa Clara County,2026-01,4343.16177770661
95010,Santa Cruz County,2026-01,3141.1260768377538
95076,Santa Cruz County,2026-02,3083.310611165718
93906,Monterey County,2026-02,2309.848510890964
95037,Santa Clara County,2026-02,3747.272035120436
95060,Santa Cruz County,2026-02,3452.303885304446
95050,Santa Clara County,2026-02,3541.382531149768
95120,Santa Clara County,2026-02,5116.150689012795
95062,Santa Cruz County,2026-02,3467.657646568523
93955,Monterey County,2026-02,2911.993235325277
93940,Monterey County,2026-02,2616.5308132519635
95032,Santa Clara County,2026-02,4187.918534769664
93901,Monterey County,2026-02,2287.2751238364767
90291,Los Angeles County,2026-02,3826.773963338582
95003,Santa Cruz County,2026-02,3867.660187152236
93907,Monterey County,2026-02,2514.6884777013997
93933,Monterey County,2026-02,3033.4450869329894
93950,Monterey County,2026-02,3007.884154536597
93923,Monterey County,2026-02,4420.33975404197
95030,Santa Clara County,2026-02,4400.646009140083
95010,Santa Cruz County,2026-02,3185.1565640392064
95076,Santa Cruz County,2026-03,3053.6675614070173
93906,Monterey County,2026-03,2377.9667923601623
95037,Santa Clara County,2026-03,3816.4262987908014
95060,Santa Cruz County,2026-03,3463.4669615007942
95050,Santa Clara County,2026-03,3478.3981727996415
95120,Santa Clara County,2026-03,5066.063636555763
95062,Santa Cruz County,2026-03,3490.401435777135
93955,Monterey County,2026-03,2883.4403927913977
93940,Monterey County,2026-03,2619.056053254792
95032,Santa Clara County,2026-03,4254.666512335914
93901,Monterey County,2026-03,2274.391350280021
90291,Los Angeles County,2026-03,3898.876724688881
95003,Santa Cruz County,2026-03,3811.8653990880807
93907,Monterey County,2026-03,2593.6376660385554
93933,Monterey County,2026-03,3081.1692746291046
93950,Monterey County,2026-03,3013.38590566117
93923,Monterey County,2026-03,4378.181243422753
95066,Santa Cruz County,2026-03,3743.0875938258264
95030,Santa Clara County,2026-03,4529.082094532224
95010,Santa Cruz County,2026-03,3194.144991317512
95076,Santa Cruz County,2026-04,3087.1360555343485
93906,Monterey County,2026-04,2375.450707449223
95037,Santa Clara County,2026-04,3809.1407971787185
95060,Santa Cruz County,2026-04,3505.4716333957854
95050,Santa Clara County,2026-04,3495.0203273710167
95120,Santa Clara County,2026-04,5208.980801313395
95062,Santa Cruz County,2026-04,3518.341494222806
93955,Monterey County,2026-04,2901.6814573916336
93940,Monterey County,2026-04,2653.145176042214
95032,Santa Clara County,2026-04,4260.772389496783
93901,Monterey County,2026-04,2314.882966755728
90291,Los Angeles County,2026-04,3890.501800538407
95003,Santa Cruz County,2026-04,3892.1226298744423
93907,Monterey County,2026-04,2633.900817598326
93933,Monterey County,2026-04,3087.465229683263
93950,Monterey County,2026-04,3052.2781098376736
93923,Monterey County,2026-04,5243.8057814192925
95066,Santa Cruz County,2026-04,3801.7042589761654
95030,Santa Clara County,2026-04,4374.599170974942
95010,Santa Cruz County,2026-04,3174.4295129395136
95076,Santa Cruz County,2026-05,3108.9500955149047
93906,Monterey County,2026-05,2362.7133293983675
95037,Santa Clara County,2026-05,3848.2032613146775
95060,Santa Cruz County,2026-05,3549.416563980043
95050,Santa Clara County,2026-05,3499.2037638148204
95120,Santa Clara County,2026-05,5216.038842171232
95062,Santa Cruz County,2026-05,3598.387577700065
93955,Monterey County,2026-05,2910.107746108073
93940,Monterey County,2026-05,2657.795360668955
95032,Santa Clara County,2026-05,4314.151447614941
93901,Monterey County,2026-05,2352.88623915228
90291,Los Angeles County,2026-05,3932.099656650275
95003,Santa Cruz County,2026-05,3838.703599417632
93907,Monterey County,2026-05,2727.469734916012
93933,Monterey County,2026-05,3119.803411152962
93950,Monterey County,2026-05,3007.0905079580098
93923,Monterey County,2026-05,5585.5238014394645
95066,Santa Cruz County,2026-05,3835.246721410102
95030,Santa Clara County,2026-05,4520.900004957376
95010,Santa Cruz County,2026-05,3181.547211524851
95076,Santa Cruz County,2026-06,3132.4294476717364
93906,Monterey County,2026-06,2366.5927907560113
95037,Santa Clara County,2026-06,3909.0924098090063
95060,Santa Cruz County,2026-06,3565.628494275744
95050,Santa Clara County,2026-06,3558.676026461668
95120,Santa Clara County,2026-06,5333.105590572675
95062,Santa Cruz County,2026-06,3640.044468571192
93955,Monterey County,2026-06,2952.700431454762
93940,Monterey County,2026-06,2689.5652609548706
95032,Santa Clara County,2026-06,4311.0911573328285
93901,Monterey County,2026-06,2358.8796470135953
90291,Los Angeles County,2026-06,3901.008347439887
95003,Santa Cruz County,2026-06,3945.47937086358
93907,Monterey County,2026-06,2650.155301045339
93933,Monterey County,2026-06,3205.552653840856
93950,Monterey County,2026-06,3025.6309934696933
93923,Monterey County,2026-06,6533.789764824352
95066,Santa Cruz County,2026-06,3857.710977189305
95030,Santa Clara County,2026-06,4619.665523767805
95010,Santa Cruz County,2026-06,3280.8739548090807
95076,Santa Cruz County,2026-07,3171.734401897006
93906,Monterey County,2026-07,2388.9761319198633
95037,Santa Clara County,2026-07,3923.038204390533
95060,Santa Cruz County,2026-07,3544.2074316006556
95050,Santa Clara County,2026-07,3604.672080307883
95120,Santa Clara County,2026-07,5256.191140962666
95062,Santa Cruz County,2026-07,3616.706487513284
93955,Monterey County,2026-07,3030.9329297022346
93940,Monterey County,2026-07,2684.352019642471
95032,Santa Clara County,2026-07,4341.04653295279
93901,Monterey County,2026-07,2376.3220666648117
90291,Los Angeles County,2026-07,3880.1310384218305
95003,Santa Cruz County,2026-07,3951.160013620528
93907,Monterey County,2026-07,2645.4354478015575
93933,Monterey County,2026-07,3275.800520931502
93950,Monterey County,2026-07,3029.0125441011705
93923,Monterey County,2026-07,5825.566906600798
95066,Santa Cruz County,2026-07,3803.761167351363
95030,Santa Clara County,2026-07,4712.546439381337
95010,Santa Cruz County,2026-07,3310.042160339573
93924,Monterey County,2026-07,3782.2877591422903
95076,Santa Cruz County,2026-08,3186.3968253968255
93906,Monterey County,2026-08,2402.748717948718
95037,Santa Clara County,2026-08,3926.998168498169
95060,Santa Cruz County,2026-08,3518.155221861472
95050,Santa Clara County,2026-08,3636.0777067893346
95120,Santa Clara County,2026-08,5512.277777777778
95062,Santa Cruz County,2026-08,3583.7038073038075
93955,Monterey County,2026-08,3060.976190476191
93940,Monterey County,2026-08,2696.2581180223287
95032,Santa Clara County,2026-08,4354.769444444445
93901,Monterey County,2026-08,2357.496031746032
90291,Los Angeles County,2026-08,3906.909722222222
95003,Santa Cruz County,2026-08,3975.0259259259255
93907,Monterey County,2026-08,2618.75
93933,Monterey County,2026-08,3252.121693121693
93950,Monterey County,2026-08,3054.509259259259
93923,Monterey County,2026-08,5898.61111111111
95066,Santa Cruz County,2026-08,3843.8888888888887
95030,Santa Clara County,2026-08,4780.555555555556
95033,Santa Clara County,2026-08,4250.0
95010,Santa Cruz County,2026-08,3336.8333333333335
95006,Santa Cruz County,2026-08,3250.0
93924,Monterey County,2026-08,5175.0
